Temporada,Nombre,Goles
00-01,Raúl,24
00-01,Rivaldo,23
00-01,Javi Moreno,22
00-01,Tristán,19
00-01,Kluivert,18
00-01,Dely Valdés,17
00-01,Catanha,16
00-01,Makaay,16
00-01,Oli,15
00-01,Iván Rosado,14
00-01,Guti,14
00-01,Víctor,14
00-01,Darío Silva,13
00-01,Jamelli,13
00-01,Juan Sánchez,12
00-01,Tamudo,11
00-01,Eto'o,11
00-01,Jankauskas,11
00-01,Carew,11
00-01,Esnáider,11
00-01,Urzaiz,10
00-01,Ibagaza,10
00-01,Míchel,10
00-01,Mendieta,10
00-01,Luis Enrique,9
00-01,Mostovoi,9
00-01,Djalminha,9
00-01,Luque,9
00-01,Mazzoni,9
00-01,Luis Cembranos,9
00-01,Figo,9
00-01,De Paula,9
00-01,Iván Alonso,8
00-01,Overmars,8
00-01,Guayre,8
00-01,Rosu,8
00-01,Bolic,8
00-01,Bolo,8
00-01,Jorge López,8
00-01,Pandiani,7
00-01,Rubén Navarro,7
00-01,Amavisca,7
00-01,Idiakez,7
00-01,Yeste,6
00-01,Velamazán,6
00-01,Orlando,6
00-01,Tomic,6
00-01,Quevedo,6
00-01,Morientes,6
00-01,Kaviedes,6
00-01,Pachón,6
00-01,Craioveanu,6
00-01,Palermo,6
00-01,José Ignacio,6
00-01,Etxeberría,5
00-01,Gustavo López,5
00-01,Karpin,5
00-01,Víctor,5
00-01,Finidi,5
00-01,José Manuel,5
00-01,Àlex Fernández,5
00-01,Armentano,5
00-01,Iván Ania,5
00-01,Hierro,5
00-01,Helguera,5
00-01,Roberto Carlos,5
00-01,De Pedro,5
00-01,Vicente,5
00-01,Caminero,5
00-01,Fernando,5
00-01,Guerrero,4
00-01,Larrazábal,4
00-01,Valerón,4
00-01,Posse,4
00-01,Sergio,4
00-01,Álvaro,4
00-01,Oulare,4
00-01,Agostinho,4
00-01,Rufete,4
00-01,Zárate,4
00-01,Carlitos,4
00-01,Marcos,4
00-01,Caco Morán,4
00-01,Ojeda,4
00-01,Danjou,4
00-01,Jaime,4
00-01,Losada,4
00-01,Paunovic,4
00-01,Regueiro,4
00-01,Khokhlov,4
00-01,Tayfun,4
00-01,Baraja,4
00-01,Alberto,4
00-01,Moisés,4
00-01,Acuña,4
00-01,Juanele,4
00-01,Yordi,4
00-01,Contra,3
00-01,Jordi Cruyff,3
00-01,Ezquerro,3
00-01,Javi González,3
00-01,Cocu,3
00-01,Frank de Boer,3
00-01,Edú,3
00-01,Donato,3
00-01,Fernando,3
00-01,Scaloni,3
00-01,Arteaga,3
00-01,Galca,3
00-01,Roger,3
00-01,Serrano,3
00-01,Eloy Jiménez,3
00-01,Pablo Lago,3
00-01,Canabal,3
00-01,Movilla,3
00-01,Musampa,3
00-01,Txomin Larrainzar,3
00-01,Álvaro Novo,3
00-01,Nadal,3
00-01,Pacheta,3
00-01,Cruchaga,3
00-01,Sabino,3
00-01,Onopko,3
00-01,Arzeno,3
00-01,Colsa,3
00-01,Magallanes,3
00-01,Preciado,3
00-01,Rushfeldt,3
00-01,Savio,3
00-01,Kily González,3
00-01,Zahovic,3
00-01,Eusebio,3
00-01,Gracia,3
00-01,Marioni,3
00-01,Unai,3
00-01,Eggen,2
00-01,Geli,2
00-01,Ibon Begoña,2
00-01,Magno,2
00-01,Téllez,2
00-01,Tomic,2
00-01,Vucko,2
00-01,Tiko,2
00-01,Alfonso,2
00-01,Gabri,2
00-01,Gerard,2
00-01,Guardiola,2
00-01,Simao,2
00-01,Xavi,2
00-01,Djorovic,2
00-01,Jesuli,2
00-01,Juanfran,2
00-01,Fran,2
00-01,Pochettino,2
00-01,Rotchen,2
00-01,Jarni,2
00-01,Josico,2
00-01,Nacho González,2
00-01,Schürrer,2
00-01,Sandro,2
00-01,Carreras,2
00-01,Engonga,2
00-01,Iván Pérez,2
00-01,Jaume,2
00-01,Nagore,2
00-01,Gancedo,2
00-01,Gerardo,2
00-01,Mateo,2
00-01,Möller,2
00-01,Espina,2
00-01,Jaime,2
00-01,Morán,2
00-01,Ballesteros,2
00-01,De Quintana,2
00-01,Mauro,2
00-01,McManaman,2
00-01,Munitis,2
00-01,Gabilondo,2
00-01,Jáuregi,2
00-01,Llorente,2
00-01,Aimar,2
00-01,Diego Alonso,2
00-01,Ciric,2
00-01,García Calvo,2
00-01,Jesús Sánchez,2
00-01,Sales,2
00-01,Turiel,2
00-01,Arruabarrena,2
00-01,Cagna,2
00-01,Escoda,2
00-01,Quique Álvarez,2
00-01,Aguado,2
00-01,Lanna,2
00-01,Montenegro,2
00-01,Vellisca,2
00-01,Azkoitia,1
00-01,Desio,1
00-01,Gañán,1
00-01,Karmona,1
00-01,Alkiza,1
00-01,Felipe,1
00-01,Lacruz,1
00-01,Larrainzar,1
00-01,Roberto Ríos,1
00-01,Urrutia,1
00-01,Abelardo,1
00-01,Dani,1
00-01,Petit,1
00-01,Sergi,1
00-01,Doriva,1
00-01,Giovanella,1
00-01,Manolo Sánchez,1
00-01,Tomás,1
00-01,Vagner,1
00-01,Manuel Pablo,1
00-01,Naybet,1
00-01,Manel,1
00-01,Òscar,1
00-01,Toledo,1
00-01,Gudjonsson,1
00-01,Jorge Larena,1
00-01,Olías,1
00-01,Paqui,1
00-01,Turdó,1
00-01,Bravo,1
00-01,Edgar,1
00-01,Roteta,1
00-01,Valcarce,1
00-01,Biagini,1
00-01,Güiza,1
00-01,Niño,1
00-01,Olaizola,1
00-01,Riera,1
00-01,Siviero,1
00-01,Delgado,1
00-01,Alfonso Vera,1
00-01,Alfredo,1
00-01,Arpón,1
00-01,Jusué,1
00-01,Geni,1
00-01,Juan González,1
00-01,Rubén Reyes,1
00-01,Beschastnykh,1
00-01,Ismael Ruiz,1
00-01,Manjarín,1
00-01,Ramis,1
00-01,Tais,1
00-01,Bartelt,1
00-01,Glaucio,1
00-01,Hélder,1
00-01,Ivan Iglesias,1
00-01,Pablo Sanz,1
00-01,Poschner,1
00-01,Setvalls,1
00-01,Celades,1
00-01,Salgado,1
00-01,Solari,1
00-01,Aranzábal,1
00-01,Arif Erdem,1
00-01,Julio César,1
00-01,López Rekarte,1
00-01,Loren,1
00-01,Ayala,1
00-01,Antonio López,1
00-01,Heinze,1
00-01,Calleja,1
00-01,Jaime Ramos,1
00-01,César Jiménez,1
00-01,Pablo Díaz,1
00-01,Sündgren,1
01-02,Tristán,21
01-02,Kluivert,18
01-02,Morientes,18
01-02,Saviola,17
01-02,Catanha,17
01-02,Tamudo,17
01-02,Urzaiz,16
01-02,Fernando,15
01-02,Luque,14
01-02,Raúl,14
01-02,Víctor,14
01-02,Moisés,13
01-02,Makaay,12
01-02,Dely Valdés,11
01-02,Bolic,11
01-02,Mostovoi,10
01-02,Marioni,10
01-02,Edú,9
01-02,Jesuli,9
01-02,Darío Silva,9
01-02,Musampa,9
01-02,Aloisi,9
01-02,Etxeberría,8
01-02,Rivaldo,8
01-02,Kovacevic,8
01-02,Nico Olivera,8
01-02,Reyes,8
01-02,Tiko,7
01-02,João Tomás,7
01-02,De Lucas,7
01-02,Jorge Larena,7
01-02,Figo,7
01-02,Zidane,7
01-02,De Paula,7
01-02,Casquero,7
01-02,Baraja,7
01-02,Luis García,7
01-02,Tote,7
01-02,Jorge López,7
01-02,Coloccini,6
01-02,Llorens,6
01-02,Magno,6
01-02,Palencia,6
01-02,Eto'o,6
01-02,Peragón,6
01-02,Luiz Alberto,6
01-02,Toedtli,6
01-02,Sales,6
01-02,Arruabarrena,6
01-02,Acuña,6
01-02,Milosevic,6
01-02,Yordi,6
01-02,Astudillo,5
01-02,Ezquerro,5
01-02,Guerrero,5
01-02,Amato,5
01-02,Dani,5
01-02,Pandiani,5
01-02,Rubén Castro,5
01-02,Tevenet,5
01-02,Iván Rosado,5
01-02,Korino,5
01-02,Hierro,5
01-02,Khokhlov,5
01-02,Fuertes,5
01-02,Mista,5
01-02,Rufete,5
01-02,Salva Ballesta,5
01-02,Palermo,5
01-02,Rubén Navarro,4
01-02,Luis Enrique,4
01-02,Xavi,4
01-02,Casas,4
01-02,Joaquín,4
01-02,Vagner,4
01-02,Fran,4
01-02,Sergio,4
01-02,Posse,4
01-02,Josico,4
01-02,Nacho González,4
01-02,Orlando,4
01-02,Pablo Lago,4
01-02,Campano,4
01-02,Losada,4
01-02,Míchel,4
01-02,Guti,4
01-02,Jankauskas,4
01-02,Iván Ania,4
01-02,Aimar,4
01-02,Angulo,4
01-02,Juan Sánchez,4
01-02,Calleja,4
01-02,Guayre,4
01-02,Geli,3
01-02,Jordi Cruyff,3
01-02,Larrazábal,3
01-02,Capi,3
01-02,Denilson,3
01-02,Gustavo López,3
01-02,Karpin,3
01-02,Amavisca,3
01-02,Valerón,3
01-02,Víctor,3
01-02,Pacheco,3
01-02,Litos,3
01-02,Paunovic,3
01-02,Alfredo,3
01-02,Armentano,3
01-02,Arteaga,3
01-02,Bolo,3
01-02,Roberto Carlos,3
01-02,De Pedro,3
01-02,Gabilondo,3
01-02,Tayfun,3
01-02,Xabi Alonso,3
01-02,Víctor Salas,3
01-02,Kily González,3
01-02,Cuauhtemoc,3
01-02,Juanele,3
01-02,Vellisca,3
01-02,Iván Alonso,2
01-02,Carlos García,2
01-02,Yeste,2
01-02,Cocu,2
01-02,Gabri,2
01-02,Puyol,2
01-02,Rochemback,2
01-02,Benjamín,2
01-02,Juanito,2
01-02,Maurice,2
01-02,Sergio Fernández,2
01-02,Donato,2
01-02,Naybet,2
01-02,Scaloni,2
01-02,Àlex Fernández,2
01-02,Schürrer,2
01-02,Canabal,2
01-02,Leko,2
01-02,Zárate,2
01-02,Engonga,2
01-02,Nadal,2
01-02,Fernando,2
01-02,Gancedo,2
01-02,Palacios,2
01-02,Puñal,2
01-02,Sabino,2
01-02,Hernández,2
01-02,Pablo Sanz,2
01-02,Helguera,2
01-02,McManaman,2
01-02,Munitis,2
01-02,Aranburu,2
01-02,Idiakez,2
01-02,Gallardo,2
01-02,Bino,2
01-02,Jaime,2
01-02,Jordi,2
01-02,Albelda,2
01-02,Ayala,2
01-02,Ilie,2
01-02,Chema,2
01-02,Aragón,2
01-02,Galletti,2
01-02,Marcos Vales,2
01-02,Ibon Begoña,1
01-02,Karmona,1
01-02,Pablo,1
01-02,Witschge,1
01-02,Alkiza,1
01-02,Alkorta,1
01-02,Del Horno,1
01-02,Karanka,1
01-02,Orbaiz,1
01-02,Urrutia,1
01-02,Coco,1
01-02,Geovanni,1
01-02,Motta,1
01-02,Calado,1
01-02,Cañas,1
01-02,Ito,1
01-02,Rivas,1
01-02,Varela,1
01-02,Berizzo,1
01-02,Cáceres,1
01-02,Luccin,1
01-02,Djalminha,1
01-02,Cavas,1
01-02,Lopo,1
01-02,Munteanu,1
01-02,Òscar,1
01-02,Roger,1
01-02,Rotchen,1
01-02,Velamazán,1
01-02,Carmelo,1
01-02,Paqui,1
01-02,Samways,1
01-02,Sarasúa,1
01-02,Duda,1
01-02,Fernando Sanz,1
01-02,Gerardo,1
01-02,Miguel Ángel,1
01-02,Romero,1
01-02,Álvaro Novo,1
01-02,Ibagaza,1
01-02,Soler,1
01-02,Riera,1
01-02,Soler,1
01-02,Cruchaga,1
01-02,Jusué,1
01-02,Contreras,1
01-02,Azkoitia,1
01-02,Balic,1
01-02,De Quintana,1
01-02,Glaucio,1
01-02,Luis Cembranos,1
01-02,Quevedo,1
01-02,Makelele,1
01-02,Solari,1
01-02,Demetradze,1
01-02,Nihat,1
01-02,Fredi,1
01-02,Njegus,1
01-02,Pablo Alfaro,1
01-02,Tomás,1
01-02,Alexis Suárez,1
01-02,Hugo Morales,1
01-02,Javi Venta,1
01-02,Lussenhoff,1
01-02,Pablo Paz,1
01-02,Slovak,1
01-02,Xisco,1
01-02,Carew,1
01-02,De Los Santos,1
01-02,Fabio Aurelio,1
01-02,Marchena,1
01-02,Pellegrino,1
01-02,Vicente,1
01-02,Caminero,1
01-02,Jesús Sánchez,1
01-02,Marcos,1
01-02,Turu Flores,1
01-02,Amor,1
01-02,Craioveanu,1
01-02,Galca,1
01-02,Pizzi,1
01-02,Quique Álvarez,1
01-02,Unai,1
01-02,Aguado,1
01-02,Bilic,1
01-02,Chainho,1
01-02,Esquerdinha,1
01-02,Jamelli,1
02-03,Makaay,29
02-03,Ronaldo,23
02-03,Nihat,23
02-03,Kovacevic,20
02-03,Kluivert,16
02-03,Raúl,16
02-03,Fernando,15
02-03,Javi Guerrero,15
02-03,Etxeberría,14
02-03,Eto'o,14
02-03,Urzaiz,13
02-03,Fernando Torres,13
02-03,Saviola,13
02-03,Pandiani,13
02-03,Edú,12
02-03,Milosevic,12
02-03,Rubén Navarro,10
02-03,Ezquerro,10
02-03,Tamudo,10
02-03,Darío Silva,10
02-03,Dely Valdés,10
02-03,Figo,10
02-03,Raúl Molina,10
02-03,Luis García,9
02-03,Joaquín,9
02-03,Tristán,9
02-03,Roger,9
02-03,Bodipo,9
02-03,Zidane,9
02-03,Aganzo,9
02-03,Luis Enrique,8
02-03,Musampa,8
02-03,Aloisi,8
02-03,Munitis,8
02-03,Julio Álvarez,8
02-03,Karpin,8
02-03,Reyes,8
02-03,Aimar,8
02-03,Carew,8
02-03,Fabio Aurelio,8
02-03,Jorge López,8
02-03,Víctor,8
02-03,Jesuli,7
02-03,Luque,7
02-03,Maxi Rodríguez,7
02-03,Rivero,7
02-03,Antoñito,7
02-03,Mista,7
02-03,Palermo,7
02-03,Ilie,6
02-03,Iván Alonso,6
02-03,Yeste,6
02-03,José Mari,6
02-03,Overmars,6
02-03,Alfonso,6
02-03,Manu Sánchez,6
02-03,Iván Rosado,6
02-03,Helguera,6
02-03,De Pedro,6
02-03,Xisco,6
02-03,Sales,6
02-03,Magno,5
02-03,Javi Moreno,5
02-03,Assunçao,5
02-03,Capi,5
02-03,Mostovoi,5
02-03,Regueiro,5
02-03,Morientes,5
02-03,Portillo,5
02-03,Roberto Carlos,5
02-03,Casquero,5
02-03,Baraja,5
02-03,Juan Sánchez,5
02-03,Colsa,5
02-03,Del Horno,4
02-03,Gurpegui,4
02-03,Correa,4
02-03,Mendieta,4
02-03,Arzu,4
02-03,Dani,4
02-03,Catanha,4
02-03,Mido,4
02-03,Víctor,4
02-03,Riera,4
02-03,Benayoun,4
02-03,Bolo,4
02-03,Peragón,4
02-03,Guti,4
02-03,Toedtli,4
02-03,Angulo,4
02-03,Nico Olivera,4
02-03,Guayre,4
02-03,Astudillo,3
02-03,Cocu,3
02-03,Motta,3
02-03,Riquelme,3
02-03,José Ignacio,3
02-03,Capdevila,3
02-03,Scaloni,3
02-03,Sergio,3
02-03,Domoraud,3
02-03,Álvaro Novo,3
02-03,Carlitos,3
02-03,Moha,3
02-03,Muñoz,3
02-03,Moratón,3
02-03,Pablo Casar,3
02-03,Bolic,3
02-03,Luis Cembranos,3
02-03,Xabi Alonso,3
02-03,Quique Romero,3
02-03,Viqueira,3
02-03,Marcos Vales,3
02-03,Rufete,3
02-03,Óscar González,3
02-03,Belletti,3
02-03,Karanka,2
02-03,Larrazábal,2
02-03,Tiko,2
02-03,Aguilera,2
02-03,Albertini,2
02-03,Emerson,2
02-03,García Calvo,2
02-03,Xavi,2
02-03,Denilson,2
02-03,Filipescu,2
02-03,Juanito,2
02-03,Berizzo,2
02-03,McCarthy,2
02-03,Donato,2
02-03,Valerón,2
02-03,Soldevilla,2
02-03,Canabal,2
02-03,Romero,2
02-03,Roteta,2
02-03,Harold Lozano,2
02-03,Ibagaza,2
02-03,Robles,2
02-03,Antonio López,2
02-03,Puñal,2
02-03,Nafti,2
02-03,Azkoitia,2
02-03,De Quintana,2
02-03,Míchel,2
02-03,Aranburu,2
02-03,Khokhlov,2
02-03,Tayfun,2
02-03,Benítez,2
02-03,Cubillo,2
02-03,Joaozinho,2
02-03,Loren,2
02-03,Pernía,2
02-03,Machlas,2
02-03,Antonio López,2
02-03,Pachón,2
02-03,Calleja,2
02-03,De Nigris,2
02-03,Farinós,2
02-03,Josico,2
02-03,Senna,2
02-03,Ibon Begoña,1
02-03,Jordi Cruyff,1
02-03,Karmona,1
02-03,Llorens,1
02-03,Pablo,1
02-03,Tomic,1
02-03,Turiel,1
02-03,Aitor Ocio,1
02-03,Alkiza,1
02-03,Arriaga,1
02-03,Hibic,1
02-03,Jorge Larena,1
02-03,Movilla,1
02-03,Otero,1
02-03,Santi Denia,1
02-03,Fernando Navarro,1
02-03,Rochemback,1
02-03,Sorín,1
02-03,Casas,1
02-03,Varela,1
02-03,Gustavo López,1
02-03,Juanfran,1
02-03,Luccin,1
02-03,Sylvinho,1
02-03,Vagner,1
02-03,Fran,1
02-03,Naybet,1
02-03,Romero,1
02-03,Àngel Morales,1
02-03,David García,1
02-03,Lopo,1
02-03,Òscar,1
02-03,Velamazán,1
02-03,Fernando Sanz,1
02-03,Gerardo,1
02-03,Koke,1
02-03,Niño,1
02-03,Tuni,1
02-03,Alfredo,1
02-03,Brit,1
02-03,Gancedo,1
02-03,Manfredini,1
02-03,Mateo,1
02-03,Pablo García,1
02-03,Palacios,1
02-03,Valdo,1
02-03,Vidrio,1
02-03,Diego Alonso,1
02-03,Ismael Ruiz,1
02-03,Juanma,1
02-03,Pablo Sierra,1
02-03,Korino,1
02-03,Onopko,1
02-03,Raúl Bravo,1
02-03,Conceiçao,1
02-03,McManaman,1
02-03,Gabilondo,1
02-03,Jáuregi,1
02-03,Llorente,1
02-03,Mikel Alonso,1
02-03,Espínola,1
02-03,Javi García,1
02-03,Gallardo,1
02-03,Javi Navarro,1
02-03,Moisés,1
02-03,Pablo Alfaro,1
02-03,Ayala,1
02-03,De Los Santos,1
02-03,Pellegrino,1
02-03,Reveillére,1
02-03,Vicente,1
02-03,Chema,1
02-03,Ciric,1
02-03,Jonathan,1
02-03,Marcos,1
02-03,Mario,1
02-03,Aranda,1
02-03,Unai,1
02-03,Xisco Nadal,1
03-04,Ronaldo,24
03-04,Baptista,20
03-04,Fernando Torres,19
03-04,Tamudo,19
03-04,Mista,19
03-04,Salva Ballesta,18
03-04,Eto'o,17
03-04,David Villa,17
03-04,Ronaldinho,15
03-04,Saviola,14
03-04,Milosevic,14
03-04,Nihat,14
03-04,Pandiani,13
03-04,Vicente,12
03-04,Sonny Anderson,12
03-04,Yeste,11
03-04,Luis García,11
03-04,Javi Guerrero,11
03-04,Raúl,11
03-04,Óscar González,10
03-04,Figo,9
03-04,Aranda,8
03-04,Urzaiz,8
03-04,Kluivert,8
03-04,Luque,8
03-04,Tristán,8
03-04,Correa,8
03-04,Kovacevic,8
03-04,Baraja,8
03-04,Oliveira,8
03-04,Losada,8
03-04,Makukula,8
03-04,Riquelme,8
03-04,Pacheco,7
03-04,Assunçao,7
03-04,Joaquín,7
03-04,Víctor,7
03-04,Bruggink,7
03-04,Karanka,7
03-04,Benayoun,7
03-04,Bodipo,7
03-04,Karpin,7
03-04,Darío Silva,7
03-04,Parri,6
03-04,Etxeberría,6
03-04,Nikolaidis,6
03-04,Paunovic,6
03-04,Jesuli,6
03-04,Mostovoi,6
03-04,Diego Alonso,6
03-04,Perera,6
03-04,Aloisi,6
03-04,Zidane,6
03-04,José Mari,6
03-04,Aguirregomezkorta,5
03-04,Del Horno,5
03-04,Iraola,5
03-04,Tiko,5
03-04,Nano,5
03-04,Cocu,5
03-04,Luccin,5
03-04,Valdo,5
03-04,Cristian Álvarez,5
03-04,Roberto Carlos,5
03-04,Solari,5
03-04,De Paula,5
03-04,Gabilondo,5
03-04,Antoñito,5
03-04,Casquero,5
03-04,Reyes,5
03-04,Luis García,4
03-04,Xavi,4
03-04,Alfonso,4
03-04,Benjamín,4
03-04,Dani,4
03-04,Fernando,4
03-04,Juanito,4
03-04,José Ignacio,4
03-04,Lopo,4
03-04,Maxi Rodríguez,4
03-04,Canabal,4
03-04,Duda,4
03-04,Campano,4
03-04,Delibasic,4
03-04,Míchel,4
03-04,Bakayoko,4
03-04,Pablo García,4
03-04,Puñal,4
03-04,Webó,4
03-04,Regueiro,4
03-04,Carlitos,4
03-04,Aimar,4
03-04,Jorge López,4
03-04,Jesús Sánchez,4
03-04,Álvaro,4
03-04,Cani,4
03-04,Redondo,3
03-04,Ezquerro,3
03-04,De Los Santos,3
03-04,Luis Enrique,3
03-04,Edú,3
03-04,Capdevila,3
03-04,Sergio,3
03-04,Valerón,3
03-04,Fredson,3
03-04,Jordi Cruyff,3
03-04,Raducanu,3
03-04,Insúa,3
03-04,Miguel Ángel,3
03-04,Colsa,3
03-04,Richi,3
03-04,Morán,3
03-04,Beckham,3
03-04,Xabi Alonso,3
03-04,Sales,3
03-04,Sousa,3
03-04,Belletti,3
03-04,Guayre,3
03-04,Víctor,3
03-04,Galletti,3
03-04,Ponzio,3
03-04,Toledo,3
03-04,Delporte,2
03-04,Arriaga,2
03-04,Jonan,2
03-04,Ibagaza,2
03-04,Jorge Larena,2
03-04,Lequi,2
03-04,Musampa,2
03-04,Simeone,2
03-04,Capi,2
03-04,Denilson,2
03-04,Tote,2
03-04,Gustavo López,2
03-04,Jandro,2
03-04,Djalminha,2
03-04,Munitis,2
03-04,Scaloni,2
03-04,Àlex Fernández,2
03-04,Fernando Sanz,2
03-04,Leko,2
03-04,Litos,2
03-04,Luque,2
03-04,Nené,2
03-04,Acciari,2
03-04,Moha,2
03-04,Morales,2
03-04,Afek,2
03-04,Jonatan Valle,2
03-04,Matabuena,2
03-04,Guti,2
03-04,Xabi Prieto,2
03-04,Hornos,2
03-04,Podestá,2
03-04,Angulo,2
03-04,Marchena,2
03-04,Pellegrino,2
03-04,Rufete,2
03-04,Chema,2
03-04,Jonathan,2
03-04,Zapata,2
03-04,Arruabarrena,2
03-04,Quique Álvarez,2
03-04,Roger,2
03-04,Dani,2
03-04,Savio,2
03-04,Soriano,2
03-04,Basti,1
03-04,David Sánchez,1
03-04,Fabiano,1
03-04,Pablo Ibáñez,1
03-04,Viaud,1
03-04,Guerrero,1
03-04,Gurpegui,1
03-04,Lacruz,1
03-04,Larrazábal,1
03-04,Álvaro Novo,1
03-04,García Calvo,1
03-04,Davids,1
03-04,Gabri,1
03-04,Gerard,1
03-04,Iniesta,1
03-04,Márquez,1
03-04,Motta,1
03-04,Overmars,1
03-04,Quaresma,1
03-04,Van Bronckhorst,1
03-04,Ismael,1
03-04,Lembo,1
03-04,Mingo,1
03-04,Palermo,1
03-04,Berizzo,1
03-04,Catanha,1
03-04,Ilic,1
03-04,Juanfran,1
03-04,Contreras,1
03-04,Fran,1
03-04,Naybet,1
03-04,Bobson,1
03-04,De La Peña,1
03-04,Domoraud,1
03-04,Hadji,1
03-04,Òscar,1
03-04,Pochettino,1
03-04,Raúl Molina,1
03-04,Vignal,1
03-04,Wome,1
03-04,Edgar,1
03-04,Juanito,1
03-04,Manu Sánchez,1
03-04,Romero,1
03-04,Nadal,1
03-04,Ramis,1
03-04,Esnáider,1
03-04,Quintana,1
03-04,Cruchaga,1
03-04,Iván Rosado,1
03-04,Izquierdo,1
03-04,Muñoz,1
03-04,Juanma,1
03-04,Nafti,1
03-04,Pablo Casar,1
03-04,Raúl Bravo,1
03-04,Helguera,1
03-04,Núñez,1
03-04,Pavón,1
03-04,Portillo,1
03-04,Salgado,1
03-04,De Pedro,1
03-04,Jáuregi,1
03-04,Schürrer,1
03-04,Dani Alves,1
03-04,Gallardo,1
03-04,Javi Navarro,1
03-04,Magallanes,1
03-04,Martí,1
03-04,Albelda,1
03-04,Ayala,1
03-04,Canobbio,1
03-04,Curro Torres,1
03-04,Juan Sánchez,1
03-04,Xisco,1
03-04,Caminero,1
03-04,Ciric,1
03-04,Julio César,1
03-04,Ricchetti,1
03-04,Ballesteros,1
03-04,Coloccini,1
03-04,Pere Martí,1
03-04,Xisco Nadal,1
03-04,Drulic,1
03-04,Generelo,1
03-04,Rebosio,1
03-04,Yordi,1
04-05,Eto'o,25
04-05,Forlán,25
04-05,Oliveira,22
04-05,Ronaldo,21
04-05,Baptista,18
04-05,Fernando Torres,16
04-05,Maxi Rodríguez,15
04-05,Riquelme,15
04-05,David Villa,15
04-05,Owen,13
04-05,Nihat,13
04-05,Pacheco,12
04-05,Urzaiz,12
04-05,Ezquerro,11
04-05,Giuly,11
04-05,Edú,11
04-05,Luque,11
04-05,Tamudo,11
04-05,Luis García,11
04-05,Di Vaio,11
04-05,Savio,10
04-05,Ronaldinho,9
04-05,Tristán,9
04-05,Baiano,9
04-05,Morales,9
04-05,Benayoun,9
04-05,Raúl,9
04-05,Yeste,8
04-05,Assunçao,8
04-05,Javi Guerrero,8
04-05,Regueiro,8
04-05,Kovacevic,8
04-05,Mista,8
04-05,Salva Ballesta,7
04-05,Deco,7
04-05,Sergio García,7
04-05,Aganzo,7
04-05,Baraja,7
04-05,Pandiani,6
04-05,Manchev,6
04-05,Arango,6
04-05,Tevenet,6
04-05,Aloisi,6
04-05,Milosevic,6
04-05,Webó,6
04-05,Zidane,6
04-05,Óscar González,6
04-05,Mark González,5
04-05,Redondo,5
04-05,Fernando,5
04-05,Joaquín,5
04-05,Dani,5
04-05,Míchel,5
04-05,Pachón,5
04-05,Juanma,5
04-05,Rivera,5
04-05,Amoroso,5
04-05,Juan Rodríguez,5
04-05,Wanchope,5
04-05,Carlos Merino,5
04-05,Valdo,5
04-05,Karpin,5
04-05,Uranga,5
04-05,Gurpegui,4
04-05,Iraola,4
04-05,Van Bronckhorst,4
04-05,Juanito,4
04-05,Rivas,4
04-05,Nano Rivas,4
04-05,Nacho,4
04-05,Duda,4
04-05,Miguel,4
04-05,Beckham,4
04-05,Aimar,4
04-05,Guayre,4
04-05,José Mari,4
04-05,Sorín,4
04-05,Generelo,4
04-05,Javi Moreno,4
04-05,Francisco,3
04-05,Rubén Castro,3
04-05,Del Horno,3
04-05,Etxeberría,3
04-05,Guerrero,3
04-05,Llorente,3
04-05,Orbaiz,3
04-05,Tiko,3
04-05,Antonio López,3
04-05,Colsa,3
04-05,Ibagaza,3
04-05,Pablo Ibáñez,3
04-05,Larsson,3
04-05,Márquez,3
04-05,Xavi,3
04-05,Sergio,3
04-05,Víctor,3
04-05,De La Peña,3
04-05,Fredson,3
04-05,Lopo,3
04-05,Pernía,3
04-05,Vivar Dorado,3
04-05,Edgar,3
04-05,Miguel Ángel,3
04-05,Campano,3
04-05,Casadesús,3
04-05,Delibasic,3
04-05,Farinós,3
04-05,Okubo,3
04-05,Osorio,3
04-05,Moha,3
04-05,Puñal,3
04-05,Arizmendi,3
04-05,Figo,3
04-05,Helguera,3
04-05,Roberto Carlos,3
04-05,Solari,3
04-05,Aranburu,3
04-05,Barkero,3
04-05,De Paula,3
04-05,Labaka,3
04-05,Carlitos,3
04-05,Renato,3
04-05,Angulo,3
04-05,Corradi,3
04-05,Rufete,3
04-05,Vicente,3
04-05,Xisco,3
04-05,Milito,3
04-05,Buades,2
04-05,Lacruz,2
04-05,Núñez,2
04-05,Gerard,2
04-05,Iniesta,2
04-05,Scaloni,2
04-05,Xisco,2
04-05,Amavisca,2
04-05,Òscar Serrano,2
04-05,Velamazán,2
04-05,Cotelo,2
04-05,Craioveanu,2
04-05,Gabi,2
04-05,Kome,2
04-05,Riki,2
04-05,Yordi,2
04-05,Congo,2
04-05,Ettien,2
04-05,Jofre,2
04-05,Reggi,2
04-05,Pereyra,2
04-05,Romeo,2
04-05,Juanlu,2
04-05,Juanma Ortiz,2
04-05,Anderson Silva,2
04-05,Salgado,2
04-05,Samuel,2
04-05,Adriano,2
04-05,Antoñito,2
04-05,Dani Alves,2
04-05,Darío Silva,2
04-05,Jesús Navas,2
04-05,Sergio Ramos,2
04-05,Fiore,2
04-05,Marchena,2
04-05,Cazorla,2
04-05,Figueroa,2
04-05,Gonzalo,2
04-05,Héctor Font,2
04-05,Senna,2
04-05,Álvaro,2
04-05,Cani,2
04-05,Galletti,2
04-05,Gaspar,1
04-05,Momo,1
04-05,Viaud,1
04-05,Jorge Larena,1
04-05,Nano,1
04-05,Messi,1
04-05,Oleguer,1
04-05,Dani,1
04-05,Melli,1
04-05,Andrade,1
04-05,Capdevila,1
04-05,Coloccini,1
04-05,Fran,1
04-05,Munitis,1
04-05,Pablo Amo,1
04-05,Valerón,1
04-05,Corominas,1
04-05,Ibarra,1
04-05,Jarque,1
04-05,Jonathan Soriano,1
04-05,Pochettino,1
04-05,Soldevilla,1
04-05,Albiol,1
04-05,Cubillo,1
04-05,Gallardo,1
04-05,José Antonio,1
04-05,Celestini,1
04-05,Culebras,1
04-05,Harte,1
04-05,Jesule,1
04-05,César Navas,1
04-05,Gerardo,1
04-05,Juanito,1
04-05,Luque,1
04-05,Valcarce,1
04-05,Iuliano,1
04-05,Jorge López,1
04-05,Perera,1
04-05,Tuni,1
04-05,Antonio,1
04-05,Graff,1
04-05,Jaime Molina,1
04-05,Miguel Pérez,1
04-05,Moreno,1
04-05,Ochoa,1
04-05,Pablo Sanz,1
04-05,Pineda,1
04-05,Tarantino,1
04-05,David López,1
04-05,Muñoz,1
04-05,Pablo García,1
04-05,Ayoze,1
04-05,Juanma,1
04-05,Morán,1
04-05,Pedro López,1
04-05,Gravesen,1
04-05,Agirretxe,1
04-05,Arteta,1
04-05,Gabilondo,1
04-05,Rossato,1
04-05,Aitor Ocio,1
04-05,Antonio López,1
04-05,Aranda,1
04-05,Javi Navarro,1
04-05,Jesuli,1
04-05,Jordi López,1
04-05,Makukula,1
04-05,Puerta,1
04-05,Caneira,1
04-05,David Navarro,1
04-05,Moretti,1
04-05,Arzo,1
04-05,Josico,1
04-05,Peña,1
04-05,Sonny Anderson,1
04-05,Capi,1
04-05,Ponzio,1
04-05,Zapater,1
05-06,Eto'o,26
05-06,David Villa,25
05-06,Ronaldinho,17
05-06,Diego Milito,15
05-06,Ronaldo,14
05-06,Fernando Torres,13
05-06,Baiano,13
05-06,Riquelme,12
05-06,Ewerthon,12
05-06,Tristán,11
05-06,Arango,11
05-06,Milosevic,11
05-06,Aloisi,10
05-06,Maxi Rodríguez,10
05-06,Larsson,10
05-06,Luis García,10
05-06,Tamudo,10
05-06,Paunovic,10
05-06,Pernía,10
05-06,Forlán,10
05-06,Nené,9
05-06,Güiza,9
05-06,Antoñito,9
05-06,Zidane,9
05-06,Xabi Prieto,9
05-06,Saviola,9
05-06,Kezman,8
05-06,Canobbio,8
05-06,Riki,8
05-06,Baptista,8
05-06,Robinho,8
05-06,Maresca,8
05-06,Bodipo,7
05-06,Robert,7
05-06,Lobos,7
05-06,Sesma,7
05-06,Nihat,7
05-06,Aduriz,6
05-06,Messi,6
05-06,Salva Ballesta,6
05-06,David López,6
05-06,Webó,6
05-06,Kanouté,6
05-06,Kepa,6
05-06,Angulo,6
05-06,Giuly,5
05-06,Dani,5
05-06,Casadesús,5
05-06,Muñoz,5
05-06,Raúl García,5
05-06,Casquero,5
05-06,Raúl,5
05-06,Roberto Carlos,5
05-06,Mark González,5
05-06,Skoubo,5
05-06,Luis Fabiano,5
05-06,Aimar,5
05-06,José Mari,5
05-06,Luis Prieto,4
05-06,Yeste,4
05-06,Oliveira,4
05-06,Enrique,4
05-06,Medina,4
05-06,Pavoni,4
05-06,Contreras,4
05-06,Perera,4
05-06,Silva,4
05-06,Capdevila,4
05-06,Juanma,4
05-06,Valerón,4
05-06,Víctor,4
05-06,Fredson,4
05-06,Jarque,4
05-06,Gavilán,4
05-06,Antonio Hidalgo,4
05-06,Duda,4
05-06,Edgar,4
05-06,Yordi,4
05-06,Puñal,4
05-06,Romeo,4
05-06,Guti,4
05-06,Sergio Ramos,4
05-06,Kovacevic,4
05-06,Baraja,4
05-06,Franco,4
05-06,Savio,4
05-06,Sergio García,4
05-06,Etxeberría,3
05-06,Iraola,3
05-06,Lacruz,3
05-06,Orbaiz,3
05-06,Urzaiz,3
05-06,Antonio López,3
05-06,Edú,3
05-06,Joaquín,3
05-06,Mirosavljevic,3
05-06,Rubén Castro,3
05-06,Sergio,3
05-06,Corominas,3
05-06,Alexis Ruano,3
05-06,Couñago,3
05-06,Nacho,3
05-06,Pisculichi,3
05-06,Delporte,3
05-06,Aganzo,3
05-06,Damià Abella,3
05-06,Felipe Melo,3
05-06,Juanjo,3
05-06,Matabuena,3
05-06,Beckham,3
05-06,De Paula,3
05-06,Garitano,3
05-06,Adriano,3
05-06,Dani Alves,3
05-06,Regueiro,3
05-06,Vicente,3
05-06,Senna,3
05-06,Sorín,3
05-06,Óscar González,3
05-06,Carpintero,2
05-06,De Lucas,2
05-06,Sarriegi,2
05-06,Casas,2
05-06,Gurpegui,2
05-06,Llorente,2
05-06,Luccin,2
05-06,Pablo Ibáñez,2
05-06,Valera,2
05-06,Deco,2
05-06,Ezquerro,2
05-06,Sylvinho,2
05-06,Van Bommel,2
05-06,Juanito,2
05-06,Estoyanoff,2
05-06,Ángel,2
05-06,Jorge Larena,2
05-06,Lequi,2
05-06,Núñez,2
05-06,Arizmendi,2
05-06,Iago,2
05-06,Munitis,2
05-06,Zabaleta,2
05-06,Nano,2
05-06,Pachón,2
05-06,Pulido,2
05-06,Redondo,2
05-06,Vivar Dorado,2
05-06,César Navas,2
05-06,Gerardo,2
05-06,Choutos,2
05-06,Doni,2
05-06,Iuliano,2
05-06,Jonás Gutiérrez,2
05-06,Okubo,2
05-06,Moha,2
05-06,Valdo,2
05-06,Ayoze,2
05-06,Raúl Bravo,2
05-06,Cicinho,2
05-06,Soldado,2
05-06,Álvaro Novo,2
05-06,Barkero,2
05-06,Aitor Ocio,2
05-06,Jesús Navas,2
05-06,Puerta,2
05-06,Albelda,2
05-06,Ayala,2
05-06,David Navarro,2
05-06,Fabio Aurelio,2
05-06,Figueroa,2
05-06,Guayre,2
05-06,Roger,2
05-06,Tacchinardi,2
05-06,Cani,2
05-06,Astudillo,1
05-06,Wesley,1
05-06,Dañobeitia,1
05-06,Felipe,1
05-06,Tiko,1
05-06,Colsa,1
05-06,Gabi,1
05-06,Galletti,1
05-06,Petrov,1
05-06,Zahínos,1
05-06,Motta,1
05-06,Puyol,1
05-06,Arzu,1
05-06,Assunçao,1
05-06,Capi,1
05-06,Fernando,1
05-06,Luis Fernández,1
05-06,Rivas,1
05-06,Varela,1
05-06,Xisco,1
05-06,Fleurquin,1
05-06,Manolo Pérez,1
05-06,Oli,1
05-06,Paz,1
05-06,Raúl López,1
05-06,De Ridder,1
05-06,Gustavo López,1
05-06,Jonathan Aspas,1
05-06,Oubiña,1
05-06,Andrade,1
05-06,De Guzmán,1
05-06,Iván Carril,1
05-06,Taborda,1
05-06,Xisco,1
05-06,Armando Sá,1
05-06,Juanfran,1
05-06,Pandiani,1
05-06,Belenguer,1
05-06,Tena,1
05-06,Bóvio,1
05-06,Fernando Sanz,1
05-06,Juan Rodríguez,1
05-06,Litos,1
05-06,Morales,1
05-06,Campano,1
05-06,Farinós,1
05-06,Fernando Navarro,1
05-06,Pereyra,1
05-06,Carlos Cuéllar,1
05-06,Òscar Serrano,1
05-06,Pablo Alfaro,1
05-06,Pinilla,1
05-06,Wilfred Dalmat,1
05-06,Cassano,1
05-06,Mejía,1
05-06,Ansotegi,1
05-06,Aranburu,1
05-06,Gabilondo,1
05-06,Jáuregi,1
05-06,Labaka,1
05-06,Mikel Alonso,1
05-06,Stevanovic,1
05-06,Dragutinovic,1
05-06,Jordi López,1
05-06,Martí,1
05-06,Renato,1
05-06,Sales,1
05-06,Albiol,1
05-06,Kluivert,1
05-06,Miguel,1
05-06,Mista,1
05-06,Calleja,1
05-06,Héctor Font,1
05-06,Josico,1
05-06,Xisco Nadal,1
05-06,Generelo,1
05-06,Milito,1
05-06,Movilla,1
05-06,Ponzio,1
06-07,Van Nistelrooy,25
06-07,Diego Milito,23
06-07,Ronaldinho,21
06-07,Kanouté,21
06-07,Forlán,19
06-07,Baiano,15
06-07,Tamudo,15
06-07,David Villa,15
06-07,Fernando Torres,14
06-07,Messi,14
06-07,Sinama Pongolle,12
06-07,Morientes,12
06-07,Eto'o,11
06-07,Güiza,11
06-07,Portillo,11
06-07,Soldado,11
06-07,Zigic,11
06-07,Luis García,10
06-07,Luis Fabiano,10
06-07,Aduriz,9
06-07,Robert,9
06-07,Riga,9
06-07,Jankovic,9
06-07,Garay,9
06-07,Urzaiz,8
06-07,Edú,8
06-07,Nené,8
06-07,Manu del Moral,8
06-07,Arango,8
06-07,Uche,8
06-07,Pandiani,7
06-07,Raúl,7
06-07,Javi Guerrero,7
06-07,Agüero,6
06-07,Maxi Rodríguez,6
06-07,Iniesta,6
06-07,Valdo,6
06-07,Reyes,6
06-07,Robinho,6
06-07,Jesús Vázquez,6
06-07,Angulo,6
06-07,Ewerthon,6
06-07,Sergio García,6
06-07,Iraola,5
06-07,Yeste,5
06-07,Gudjohnsen,5
06-07,Saviola,5
06-07,Arizmendi,5
06-07,Casquero,5
06-07,Kapo,5
06-07,Salva Ballesta,5
06-07,Sergio Ramos,5
06-07,Savio,5
06-07,Cazorla,5
06-07,Kerzhakov,5
06-07,Joaquín,5
06-07,Aimar,5
06-07,Gabilondo,4
06-07,Galletti,4
06-07,Maniche,4
06-07,Sobis,4
06-07,Capdevila,4
06-07,Juan Rodríguez,4
06-07,Corominas,4
06-07,Riera,4
06-07,Nacho,4
06-07,Rubén Castro,4
06-07,Casadesús,4
06-07,Nunes,4
06-07,David López,4
06-07,Milosevic,4
06-07,Raúl García,4
06-07,Webó,4
06-07,Colsa,4
06-07,Munitis,4
06-07,Díaz de Cerio,4
06-07,Chevantón,4
06-07,Renato,4
06-07,Silva,4
06-07,Vicente,4
06-07,Cani,4
06-07,Fabricio Fuentes,4
06-07,Tomasson,4
06-07,Diogo,4
06-07,Etxeberría,3
06-07,Javi Martínez,3
06-07,Mista,3
06-07,Giuly,3
06-07,Xavi,3
06-07,Zambrotta,3
06-07,Juanito,3
06-07,Xisco,3
06-07,Gustavo López,3
06-07,Riki,3
06-07,Campano,3
06-07,Diego Camacho,3
06-07,Reggi,3
06-07,Jonás Gutiérrez,3
06-07,Maxi López,3
06-07,Varela,3
06-07,Puñal,3
06-07,Felipe Melo,3
06-07,Beckham,3
06-07,Diarra,3
06-07,Roberto Carlos,3
06-07,Aranburu,3
06-07,Kovacevic,3
06-07,Xabi Prieto,3
06-07,Rosu,3
06-07,Dani Alves,3
06-07,Kepa,3
06-07,Marcos García,3
06-07,Pirès,3
06-07,Óscar González,3
06-07,Llorente,2
06-07,Pablo Ibáñez,2
06-07,Petrov,2
06-07,Zé Castro,2
06-07,Assunçao,2
06-07,Capi,2
06-07,Fernando,2
06-07,Ángel,2
06-07,Bamogo,2
06-07,Canobbio,2
06-07,Iriney,2
06-07,Barragán,2
06-07,Bodipo,2
06-07,Iago,2
06-07,Sergio,2
06-07,Taborda,2
06-07,Jonatas,2
06-07,Alexis Ruano,2
06-07,Pachón,2
06-07,César Navas,2
06-07,David Cuéllar,2
06-07,Grahn,2
06-07,Irurzun,2
06-07,Llera,2
06-07,Pinilla,2
06-07,Álvaro,2
06-07,Courtois,2
06-07,Ettien,2
06-07,Pereyra,2
06-07,Cruchaga,2
06-07,Juanfran,2
06-07,Nekounam,2
06-07,Kike Sola,2
06-07,Rubén,2
06-07,Higuaín,2
06-07,Ansotegi,2
06-07,Garitano,2
06-07,Uranga,2
06-07,Beto,2
06-07,Calle,2
06-07,Cheli,2
06-07,Juanma,2
06-07,Adriano,2
06-07,Maresca,2
06-07,Martí,2
06-07,Puerta,2
06-07,Ayala,2
06-07,Hugo Viana,2
06-07,Moretti,2
06-07,Franco,2
06-07,D'Alessandro,2
06-07,Piqué,2
06-07,Garmendia,1
06-07,Luis Prieto,1
06-07,Murillo,1
06-07,Eller,1
06-07,Deco,1
06-07,Ezquerro,1
06-07,Márquez,1
06-07,Puyol,1
06-07,Arzu,1
06-07,Pancrate,1
06-07,Rivera,1
06-07,Guayre,1
06-07,Jorge Larena,1
06-07,Lequi,1
06-07,Oubiña,1
06-07,Perera,1
06-07,Yago Alonso,1
06-07,Adrián,1
06-07,Cristian,1
06-07,Estoyanoff,1
06-07,Lopo,1
06-07,Verdú,1
06-07,Costa,1
06-07,Hurtado,1
06-07,Moha,1
06-07,Rufete,1
06-07,Belenguer,1
06-07,Celestini,1
06-07,Cotelo,1
06-07,Pulido,1
06-07,Redondo,1
06-07,Verpakovskis,1
06-07,Vivar Dorado,1
06-07,Abel Buades,1
06-07,David García,1
06-07,Makukula,1
06-07,Alexis Suárez,1
06-07,Dehu,1
06-07,Descarga,1
06-07,Meyong Zé,1
06-07,Nino,1
06-07,Ballesteros,1
06-07,Fernando Navarro,1
06-07,Ibagaza,1
06-07,Trejo,1
06-07,Carlos Cuéllar,1
06-07,Izquierdo,1
06-07,Javier Flaño,1
06-07,Juanlu,1
06-07,Miguel Flaño,1
06-07,Muñoz,1
06-07,Balboa,1
06-07,Cristian Álvarez,1
06-07,Christian Fernández,1
06-07,Juanjo,1
06-07,Oriol,1
06-07,Scaloni,1
06-07,Cassano,1
06-07,Emerson,1
06-07,Guti,1
06-07,Helguera,1
06-07,Ronaldo,1
06-07,Álvaro Novo,1
06-07,Diego Rivas,1
06-07,Garrido,1
06-07,Germán Herrera,1
06-07,Juanito,1
06-07,López Rekarte,1
06-07,Mario,1
06-07,Pablo Amo,1
06-07,Aitor,1
06-07,Viqueira,1
06-07,Alfaro,1
06-07,Dragutinovic,1
06-07,Escudé,1
06-07,Jesús Navas,1
06-07,Poulsen,1
06-07,Albiol,1
06-07,Baraja,1
06-07,David Navarro,1
06-07,Arruabarrena,1
06-07,Cygan,1
06-07,Jonathan Pereira,1
06-07,Josico,1
06-07,Matías Fernández,1
06-07,Riquelme,1
06-07,Tacchinardi,1
06-07,Celades,1
06-07,Lafita,1
06-07,Milito,1
07-08,Güiza,27
07-08,Luis Fabiano,24
07-08,Agüero,18
07-08,Raúl,18
07-08,David Villa,18
07-08,Nihat,18
07-08,Oliveira,18
07-08,Forlán,16
07-08,Eto'o,16
07-08,Van Nistelrooy,16
07-08,Llorente,16
07-08,Kanouté,15
07-08,Diego Milito,15
07-08,Negredo,13
07-08,Luis García,13
07-08,Henry,12
07-08,Edú,12
07-08,Arango,12
07-08,Robinho,11
07-08,Rossi,11
07-08,Llorente,10
07-08,Bojan,10
07-08,Messi,10
07-08,Tamudo,10
07-08,Iván Alonso,10
07-08,Sinama Pongolle,10
07-08,Xisco,9
07-08,Sneijder,9
07-08,Víctor,9
07-08,Maxi Rodríguez,8
07-08,Ronaldinho,8
07-08,Pavone,8
07-08,Riga,8
07-08,Higuaín,8
07-08,Franco,8
07-08,Felipe Melo,7
07-08,Aduriz,7
07-08,Simao,7
07-08,Xavi,7
07-08,Albín,7
07-08,Manu del Moral,7
07-08,Dady,7
07-08,Tchité,7
07-08,Mark González,6
07-08,Jorge López,6
07-08,Carlos Martins,6
07-08,Morientes,6
07-08,Guardado,5
07-08,Riki,5
07-08,Sergio,5
07-08,Geijo,5
07-08,Ibagaza,5
07-08,Varela,5
07-08,Webó,5
07-08,Abel Gómez,5
07-08,Baiano,5
07-08,Duscher,5
07-08,Munitis,5
07-08,Sergio Ramos,5
07-08,Camuñas,5
07-08,Javi Guerrero,5
07-08,Mata,5
07-08,Silva,5
07-08,Cazorla,5
07-08,Etxeberría,4
07-08,Gabilondo,4
07-08,Susaeta,4
07-08,Sobis,4
07-08,Coloccini,4
07-08,Riera,4
07-08,Valdo,4
07-08,Casquero,4
07-08,Granero,4
07-08,Uche,4
07-08,Riganò,4
07-08,Borja Valero,4
07-08,De Lucas,4
07-08,Plasil,4
07-08,Smolarek,4
07-08,Robben,4
07-08,Marco Rubén,4
07-08,Jesús Navas,4
07-08,Keita,4
07-08,Renato,4
07-08,Sesma,4
07-08,Senna,4
07-08,Sergio García,4
07-08,Crusat,3
07-08,Kalu Uche,3
07-08,Pulido,3
07-08,Yeste,3
07-08,Raúl García,3
07-08,Giovani Dos Santos,3
07-08,Iniesta,3
07-08,Xisco,3
07-08,Lafita,3
07-08,Pablo Amo,3
07-08,Braulio,3
07-08,Pablo Hernández,3
07-08,Sousa,3
07-08,Álvaro,3
07-08,Pedro León,3
07-08,Ramis,3
07-08,Juanfran,3
07-08,Kike Sola,3
07-08,Vela,3
07-08,Bolado,3
07-08,Garay,3
07-08,Òscar Serrano,3
07-08,Baptista,3
07-08,Guti,3
07-08,Saviola,3
07-08,Capel,3
07-08,Fazio,3
07-08,Kerzhakov,3
07-08,Poulsen,3
07-08,Joaquín,3
07-08,Álvaro Rubio,3
07-08,Capdevila,3
07-08,Matías Fernández,3
07-08,Pirès,3
07-08,Tomasson,3
07-08,D'Alessandro,3
07-08,Acasiete,2
07-08,Juanma Ortiz,2
07-08,Mané,2
07-08,Soriano,2
07-08,David López,2
07-08,Camacho,2
07-08,Jurado,2
07-08,Luis García,2
07-08,Maniche,2
07-08,Gudjohnsen,2
07-08,Márquez,2
07-08,Capi,2
07-08,Nano Rivas,2
07-08,Taborda,2
07-08,Àngel,2
07-08,Corominas,2
07-08,Jonathan Soriano,2
07-08,De La Red,2
07-08,Kepa,2
07-08,Juanma,2
07-08,Nunes,2
07-08,Trejo,2
07-08,Goitom,2
07-08,Cruchaga,2
07-08,Héctor Font,2
07-08,Javi García,2
07-08,Pandiani,2
07-08,Portillo,2
07-08,Puñal,2
07-08,Colsa,2
07-08,Drenthe,2
07-08,Beto,2
07-08,Jesús Vázquez,2
07-08,Martín Cáceres,2
07-08,Dani Alves,2
07-08,Angulo,2
07-08,Baraja,2
07-08,Ogbeche,2
07-08,Sisi,2
07-08,Vivar Dorado,2
07-08,Fabricio Fuentes,2
07-08,Óscar González,2
07-08,Zapater,2
07-08,Corona,1
07-08,Juanito,1
07-08,Paunovic,1
07-08,Garmendia,1
07-08,Iraola,1
07-08,Koikili,1
07-08,Antonio López,1
07-08,Pablo Ibáñez,1
07-08,Pernía,1
07-08,Deco,1
07-08,Milito,1
07-08,Touré Yaya,1
07-08,Arzu,1
07-08,Fernando,1
07-08,Juande,1
07-08,Juanito,1
07-08,Odonkor,1
07-08,Rivera,1
07-08,Bodipo,1
07-08,Cristian,1
07-08,Filipe Luis,1
07-08,Juan Rodríguez,1
07-08,Lopo,1
07-08,Rubén Castro,1
07-08,Verdú,1
07-08,Wilhelmsson,1
07-08,Ewerthon,1
07-08,Jarque,1
07-08,Torrejón,1
07-08,Zabaleta,1
07-08,Contra,1
07-08,Cotelo,1
07-08,Gavilán,1
07-08,Licht,1
07-08,Berson,1
07-08,Ettien,1
07-08,Iborra,1
07-08,Javi Fuego,1
07-08,José Serrano,1
07-08,Miguel Ángel,1
07-08,Tommasi,1
07-08,Viqueira,1
07-08,Basinas,1
07-08,Casadesús,1
07-08,Chori Castro,1
07-08,Tuni,1
07-08,Dani Aquino,1
07-08,Gallardo,1
07-08,Iñigo,1
07-08,Jofre,1
07-08,Mejía,1
07-08,Ochoa,1
07-08,Regueiro,1
07-08,Richi,1
07-08,Astudillo,1
07-08,Hugo Viana,1
07-08,Miguel Flaño,1
07-08,Monreal,1
07-08,Orteman,1
07-08,Pablo Álvarez,1
07-08,Heinze,1
07-08,Ersen Martin,1
07-08,Marcos García,1
07-08,Aitor,1
07-08,Adriano,1
07-08,Chevantón,1
07-08,Dragutinovic,1
07-08,Koné,1
07-08,Maresca,1
07-08,Albiol,1
07-08,Arizmendi,1
07-08,Helguera,1
07-08,Miguel,1
07-08,Moretti,1
07-08,Zigic,1
07-08,Borja,1
07-08,García Calvo,1
07-08,Kome,1
07-08,Pedro López,1
07-08,Cygan,1
07-08,Godín,1
07-08,Javi Venta,1
07-08,Ayala,1
07-08,Celades,1
07-08,Matuzalem,1
07-08,Sergio Fernández,1
08-09,Forlán,32
08-09,Eto'o,30
08-09,David Villa,28
08-09,Messi,23
08-09,Higuaín,22
08-09,Negredo,19
08-09,Henry,19
08-09,Kanouté,19
08-09,Raúl,18
08-09,Agüero,17
08-09,Llorente,15
08-09,Llorente,13
08-09,Soldado,13
08-09,Zigic,13
08-09,Barkero,12
08-09,Bilic,12
08-09,Rossi,12
08-09,Emana,11
08-09,Aduriz,11
08-09,Pandiani,11
08-09,Mata,11
08-09,Camuñas,10
08-09,Barral,10
08-09,Goitom,10
08-09,Sergio García,9
08-09,Apoño,9
08-09,Baha,9
08-09,Jurado,9
08-09,Colunga,9
08-09,Kalu Uche,8
08-09,Lafita,8
08-09,Luque,8
08-09,Arango,8
08-09,Nekounam,8
08-09,Huntelaar,8
08-09,Luis Fabiano,8
08-09,Renato,8
08-09,Cazorla,8
08-09,Simao,7
08-09,Verdú,7
08-09,Albín,7
08-09,Uche,7
08-09,Eliseu,7
08-09,Robben,7
08-09,Sesma,7
08-09,Iraola,6
08-09,Maxi Rodríguez,6
08-09,Xavi,6
08-09,Oliveira,6
08-09,Riki,6
08-09,Tamudo,6
08-09,Aranda,6
08-09,Tchité,6
08-09,Carmelo,6
08-09,Diego Castro,6
08-09,Vicente,6
08-09,Cani,6
08-09,Piatti,5
08-09,Javi Martínez,5
08-09,Sinama Pongolle,5
08-09,Dani Alves,5
08-09,Bodipo,5
08-09,Iván Alonso,5
08-09,Luis García,5
08-09,Román,5
08-09,Casquero,5
08-09,Granero,5
08-09,Manu del Moral,5
08-09,Duda,5
08-09,Salva Ballesta,5
08-09,Cléber Santana,5
08-09,Chori Castro,5
08-09,Keita,5
08-09,Webó,5
08-09,Goiria,5
08-09,Jonathan Pereira,5
08-09,Òscar Serrano,5
08-09,Van der Vaart,5
08-09,Víctor,5
08-09,Capdevila,5
08-09,Juanma Ortiz,4
08-09,Iniesta,4
08-09,Keita,4
08-09,Mark González,4
08-09,Mehmet Aurelio,4
08-09,Sergio,4
08-09,De La Peña,4
08-09,Nené,4
08-09,Lolo,4
08-09,Del Pino,4
08-09,Plasil,4
08-09,Marcelo,4
08-09,Sergio Ramos,4
08-09,Van Nistelrooy,4
08-09,Jesús Navas,4
08-09,Luis Morán,4
08-09,Joaquín,4
08-09,Silva,4
08-09,Canobbio,4
08-09,David López,3
08-09,Vélez,3
08-09,Yeste,3
08-09,Heitinga,3
08-09,Raúl García,3
08-09,Gudjohnsen,3
08-09,Lassad,3
08-09,Corominas,3
08-09,Pareja,3
08-09,Sergio Sánchez,3
08-09,Gavilán,3
08-09,Adrián,3
08-09,Brit,3
08-09,Moreno,3
08-09,Dady,3
08-09,Masoud,3
08-09,Miguel Flaño,3
08-09,Guti,3
08-09,Marco Rubén,3
08-09,Chevantón,3
08-09,Baraja,3
08-09,Pablo Hernández,3
08-09,Luis Prieto,3
08-09,Pedro León,3
08-09,Vivar Dorado,3
08-09,Matías Fernández,3
08-09,Pirès,3
08-09,Etxeberría,2
08-09,Gabilondo,2
08-09,Antonio López,2
08-09,Bojan,2
08-09,Touré Yaya,2
08-09,Arzu,2
08-09,Damià Abella,2
08-09,Edú,2
08-09,Juanma,2
08-09,Monzón,2
08-09,Pavone,2
08-09,Filipe Luis,2
08-09,Guardado,2
08-09,Juan Rodríguez,2
08-09,Lopo,2
08-09,Pablo Álvarez,2
08-09,Callejón,2
08-09,Hurtado,2
08-09,Jarque,2
08-09,Contra,2
08-09,Varela,2
08-09,Cisma,2
08-09,Juanfran,2
08-09,Vadocz,2
08-09,Colsa,2
08-09,Garay,2
08-09,Luccin,2
08-09,Marcano,2
08-09,Munitis,2
08-09,Valera,2
08-09,Heinze,2
08-09,Sneijder,2
08-09,Ersen Martin,2
08-09,Javi Fuego,2
08-09,Javi Guerrero,2
08-09,Aitor,2
08-09,Adriano,2
08-09,Capel,2
08-09,Maresca,2
08-09,Kike Mateo,2
08-09,Maldonado,2
08-09,Albiol,2
08-09,Fernandes,2
08-09,García Calvo,2
08-09,Fabricio Fuentes,2
08-09,Gonzalo,2
08-09,Senna,2
08-09,Acasiete,1
08-09,Chico,1
08-09,Crusat,1
08-09,Mané,1
08-09,Nieto,1
08-09,Pellerano,1
08-09,Solari,1
08-09,Soriano,1
08-09,Aitor Ocio,1
08-09,Del Olmo,1
08-09,Etxeita,1
08-09,Garmendia,1
08-09,Koikili,1
08-09,Orbaiz,1
08-09,Susaeta,1
08-09,Toquero,1
08-09,Banega,1
08-09,Maniche,1
08-09,Pablo Ibáñez,1
08-09,Busquets,1
08-09,Márquez,1
08-09,Piqué,1
08-09,Puyol,1
08-09,Capi,1
08-09,José Mari,1
08-09,Juanito,1
08-09,Melli,1
08-09,Xisco,1
08-09,Mista,1
08-09,Omar Bravo,1
08-09,Piscu,1
08-09,Zé Castro,1
08-09,Valdo,1
08-09,Cata Díaz,1
08-09,Guerrón,1
08-09,Hélder Rosario,1
08-09,Nacho,1
08-09,Weligton,1
08-09,David Navarro,1
08-09,Josemi,1
08-09,Martí,1
08-09,Bellvís,1
08-09,Mario,1
08-09,Nagore,1
08-09,Ezquerro,1
08-09,Héctor Font,1
08-09,Portillo,1
08-09,Sergio Fernández,1
08-09,Berrocal,1
08-09,César Navas,1
08-09,Christian Fernández,1
08-09,Juanjo,1
08-09,Pinillos,1
08-09,Toni Moral,1
08-09,De La Red,1
08-09,Gago,1
08-09,Saviola,1
08-09,Maidana,1
08-09,Morris,1
08-09,Sisi,1
08-09,Armenteros,1
08-09,De Mul,1
08-09,Escudé,1
08-09,Perotti,1
08-09,Romaric,1
08-09,Canella,1
08-09,Diego Camacho,1
08-09,Gerard Autet,1
08-09,José Ángel,1
08-09,Alexis Ruano,1
08-09,Edu,1
08-09,Maduro,1
08-09,Marchena,1
08-09,Morientes,1
08-09,Aguirre,1
08-09,Álvaro Rubio,1
08-09,Baraja,1
08-09,Medunjanin,1
08-09,Ogbeche,1
08-09,Oldoni,1
08-09,Pedro López,1
08-09,Altidore,1
08-09,Eguren,1
08-09,Ibagaza,1
09-10,Messi,34
09-10,Higuaín,27
09-10,Cristiano Ronaldo,26
09-10,David Villa,21
09-10,Forlán,18
09-10,Ibrahimovic,16
09-10,Soldado,16
09-10,Luis Fabiano,15
09-10,Llorente,14
09-10,Nino,14
09-10,Agüero,12
09-10,Pedro,12
09-10,Aduriz,12
09-10,Kanouté,12
09-10,Bermejo,12
09-10,Pandiani,11
09-10,Tchité,11
09-10,Negredo,11
09-10,Nilmar,11
09-10,Diego Castro,10
09-10,Rossi,10
09-10,Kalu Uche,9
09-10,Mata,9
09-10,Llorente,9
09-10,Toquero,8
09-10,Bojan,8
09-10,Riki,8
09-10,Manu del Moral,8
09-10,Pedro León,8
09-10,Duda,8
09-10,Benzema,8
09-10,Kaká,8
09-10,De Las Cuevas,8
09-10,Silva,8
09-10,Diego Costa,8
09-10,Crusat,7
09-10,Piatti,7
09-10,Soriano,7
09-10,Jurado,7
09-10,Osvaldo,7
09-10,Alfaro,7
09-10,Colunga,7
09-10,Javi Martínez,6
09-10,Keita,6
09-10,Parejo,6
09-10,Chori Castro,6
09-10,Julio Álvarez,6
09-10,Webó,6
09-10,Canales,6
09-10,Van der Vaart,6
09-10,Nauzet Alemán,6
09-10,Suazo,6
09-10,Iván Alonso,5
09-10,Casquero,5
09-10,Miku,5
09-10,Baha,5
09-10,Fernando,5
09-10,Mario Suárez,5
09-10,Aranda,5
09-10,Raúl,5
09-10,Bilic,5
09-10,Román,5
09-10,Pablo Hernández,5
09-10,Medunjanin,5
09-10,Capdevila,5
09-10,Cazorla,5
09-10,Arizmendi,5
09-10,Muniain,4
09-10,Susaeta,4
09-10,Henry,4
09-10,Adrián,4
09-10,Verdú,4
09-10,Caicedo,4
09-10,Obinna,4
09-10,Borja Valero,4
09-10,Nunes,4
09-10,Casadesús,4
09-10,Juanfran,4
09-10,Vadocz,4
09-10,Arana,4
09-10,Marcelo,4
09-10,Sergio Ramos,4
09-10,Jesús Navas,4
09-10,Perotti,4
09-10,Renato,4
09-10,Barral,4
09-10,Luis Morán,4
09-10,Juanlu Hens,4
09-10,Zigic,4
09-10,Manucho,4
09-10,Pirès,4
09-10,Carlos Calvo,4
09-10,Abel Aguilar,4
09-10,Cisma,3
09-10,Gabilondo,3
09-10,Ibrahima,3
09-10,Dani Alves,3
09-10,Xavi,3
09-10,Colotto,3
09-10,Guardado,3
09-10,Juan Rodríguez,3
09-10,Juca,3
09-10,Filipe Luis,3
09-10,Luis García,3
09-10,Albín,3
09-10,Weligton,3
09-10,Keita,3
09-10,Rubén,3
09-10,Camuñas,3
09-10,Nekounam,3
09-10,Colsa,3
09-10,Lacen,3
09-10,Òscar Serrano,3
09-10,Xisco,3
09-10,Granero,3
09-10,Xabi Alonso,3
09-10,Cala,3
09-10,Ayoze,3
09-10,David Fuster,3
09-10,Godín,3
09-10,Antoñito,3
09-10,Armenteros,3
09-10,Lafita,3
09-10,Juanma Ortiz,2
09-10,Iraola,2
09-10,Yeste,2
09-10,Antonio López,2
09-10,Juanito,2
09-10,Maxi Rodríguez,2
09-10,Reyes,2
09-10,Salvio,2
09-10,Simao,2
09-10,Tiago Mendes,2
09-10,Jeffren,2
09-10,Piqué,2
09-10,Lassad,2
09-10,Pablo Álvarez,2
09-10,Callejón,2
09-10,Forlín,2
09-10,Víctor Ruiz,2
09-10,Rafa,2
09-10,Apoño,2
09-10,Edinho,2
09-10,Javi López,2
09-10,Valdo,2
09-10,Masoud,2
09-10,Bolado,2
09-10,Christian Fernández,2
09-10,Arbeloa,2
09-10,Guti,2
09-10,Dragutinovic,2
09-10,Gregory,2
09-10,Ricardo,2
09-10,Banega,2
09-10,Joaquín,2
09-10,Marchena,2
09-10,David Navarro,2
09-10,Baraja,2
09-10,Marcos García,2
09-10,Nivaldo,2
09-10,Cani,2
09-10,Ibagaza,2
09-10,Aythami,2
09-10,Gioda,2
09-10,Míchel,2
09-10,Momo,2
09-10,Orellana,2
09-10,Víctor Sánchez,2
09-10,Ander Herrera,2
09-10,Diogo,2
09-10,Eliseu,2
09-10,Ewerthon,2
09-10,Jarosik,2
09-10,Jorge López,2
09-10,Pavón,2
09-10,Pulido,2
09-10,Corona,1
09-10,David Rodríguez,1
09-10,Goitom,1
09-10,Guilherme,1
09-10,Míchel,1
09-10,Ortiz,1
09-10,De Marcos,1
09-10,Gurpegui,1
09-10,Orbaiz,1
09-10,San José,1
09-10,Ustaritz,1
09-10,Assunçao,1
09-10,Cléber Santana,1
09-10,Iniesta,1
09-10,Márquez,1
09-10,Puyol,1
09-10,Thiago Alcántara,1
09-10,Touré Yaya,1
09-10,Lopo,1
09-10,Mista,1
09-10,Valerón,1
09-10,Ben Sahar,1
09-10,Corominas,1
09-10,Javi Márquez,1
09-10,Marqués,1
09-10,Adrián González,1
09-10,Cata Díaz,1
09-10,Mané,1
09-10,Pedro Ríos,1
09-10,Luque,1
09-10,Forestieri,1
09-10,Iván González,1
09-10,Manu Torres,1
09-10,Xavi Torres,1
09-10,Martí,1
09-10,Mattioni,1
09-10,Tuni,1
09-10,Dady,1
09-10,Galán,1
09-10,Miguel Flaño,1
09-10,Monreal,1
09-10,Diop,1
09-10,Geijo,1
09-10,Henrique,1
09-10,Morris,1
09-10,Toni Moral,1
09-10,Garay,1
09-10,Lass,1
09-10,Pepe,1
09-10,Van Nistelrooy,1
09-10,Capel,1
09-10,Fazio,1
09-10,José Carlos,1
09-10,Konko,1
09-10,Lolo,1
09-10,Rodri,1
09-10,Romaric,1
09-10,Squillaci,1
09-10,Rivera,1
09-10,Canella,1
09-10,Ángel,1
09-10,Culebras,1
09-10,Mikel Alonso,1
09-10,Marc Bertrán,1
09-10,Richi,1
09-10,Jordi Alba,1
09-10,Albelda,1
09-10,Alexis Ruano,1
09-10,Mathieu,1
09-10,Arzo,1
09-10,Bueno,1
09-10,Canobbio,1
09-10,Sesma,1
09-10,Sisi,1
09-10,Ángel,1
09-10,Escudero,1
09-10,Marcano,1
09-10,Senna,1
09-10,Alustiza,1
09-10,Francis,1
09-10,Moreno,1
09-10,Contini,1
09-10,Gabi,1
09-10,Ponzio,1
10-11,Cristiano Ronaldo,40
10-11,Messi,31
10-11,Agüero,20
10-11,Negredo,20
10-11,David Villa,18
10-11,Soldado,18
10-11,Llorente,18
10-11,Rossi,18
10-11,Benzema,15
10-11,Rondón,14
10-11,Pedro,13
10-11,Osvaldo,13
10-11,Caicedo,13
10-11,Kanouté,12
10-11,Trezeguet,12
10-11,Gabi,11
10-11,Webó,11
10-11,Nilmar,11
10-11,Luis Fabiano,10
10-11,Aduriz,10
10-11,Higuaín,10
10-11,Manu del Moral,9
10-11,Rosenberg,9
10-11,Diego Castro,9
10-11,Forlán,8
10-11,Iniesta,8
10-11,Mata,8
10-11,Piatti,8
10-11,Valdez,8
10-11,Baptista,8
10-11,Griezmann,7
10-11,Tamudo,7
10-11,Xabi Prieto,7
10-11,Toquero,7
10-11,Kaká,7
10-11,Kalu Uche,7
10-11,Ulloa,7
10-11,Kike Sola,7
10-11,Adrián,7
10-11,Colunga,7
10-11,Miku,7
10-11,Pedro Ríos,7
10-11,Seba,7
10-11,Stuani,7
10-11,Diego Costa,6
10-11,Reyes,6
10-11,Bojan,6
10-11,Callejón,6
10-11,Luis García,6
10-11,David López,6
10-11,Di María,6
10-11,Özil,6
10-11,Nekounam,6
10-11,Kennedy,6
10-11,De Las Cuevas,6
10-11,Rakitic,5
10-11,Pablo Hernández,5
10-11,Verdú,5
10-11,Llorente,5
10-11,Aranburu,5
10-11,Gabilondo,5
10-11,Muniain,5
10-11,Adebayor,5
10-11,De Guzmán,5
10-11,Chori Castro,5
10-11,Pereira,5
10-11,Lassad,5
10-11,Cani,5
10-11,Marco Rubén,5
10-11,Cazorla,5
10-11,Rubén,5
10-11,Giovani Dos Santos,5
10-11,Barral,5
10-11,Simao,4
10-11,Tiago Mendes,4
10-11,Joaquín,4
10-11,Tino Costa,4
10-11,Álvaro Vázquez,4
10-11,Iraola,4
10-11,Javi Martínez,4
10-11,Bertolo,4
10-11,Lafita,4
10-11,Sinama Pongolle,4
10-11,Nsue,4
10-11,Aranda,4
10-11,Camuñas,4
10-11,Drenthe,4
10-11,Eliseu,4
10-11,Juanmi,4
10-11,Nacho Novo,4
10-11,Perotti,3
10-11,Keita,3
10-11,Piqué,3
10-11,Xavi,3
10-11,Jonas,3
10-11,Sergio García,3
10-11,Agirretxe,3
10-11,Carvalho,3
10-11,Marcelo,3
10-11,Sergio Ramos,3
10-11,Braulio,3
10-11,Jarosik,3
10-11,Crusat,3
10-11,Ramis,3
10-11,Casadesús,3
10-11,Pandiani,3
10-11,Vadocz,3
10-11,Riki,3
10-11,Sendoa,3
10-11,Borja Valero,3
10-11,Parejo,3
10-11,Duda,3
10-11,Juanlu,3
10-11,Christian Fernández,3
10-11,Nahuelpan,3
10-11,Domínguez,2
10-11,Elías,2
10-11,Koke,2
10-11,Mario Suárez,2
10-11,Alfaro,2
10-11,Escudé,2
10-11,Konko,2
10-11,Renato,2
10-11,Dani Alves,2
10-11,Thiago Alcántara,2
10-11,Jordi Alba,2
10-11,Banega,2
10-11,Stankevicius,2
10-11,Dátolo,2
10-11,Iván Alonso,2
10-11,Javi Márquez,2
10-11,Ifrán,2
10-11,Diego Rivas,2
10-11,Sutil,2
10-11,Zurutuza,2
10-11,Gurpegui,2
10-11,San José,2
10-11,Ander Herrera,2
10-11,Boutahar,2
10-11,Ponzio,2
10-11,Corona,2
10-11,Feghouli,2
10-11,Aki,2
10-11,Cavenaghi,2
10-11,Lekic,2
10-11,Lolo,2
10-11,Masoud,2
10-11,Miguel Flaño,2
10-11,Sergio Fernández,2
10-11,Soriano,2
10-11,Aythami,2
10-11,Colotto,2
10-11,Guardado,2
10-11,Lopo,2
10-11,Xisco,2
10-11,Paz,2
10-11,Tiago Gomes,2
10-11,Capdevila,2
10-11,Albín,2
10-11,Arizmendi,2
10-11,Boateng,2
10-11,Gavilán,2
10-11,Apoño,2
10-11,Fernando,2
10-11,Maresca,2
10-11,Quincy,2
10-11,Recio,2
10-11,Del Horno,2
10-11,Nano Rivas,2
10-11,Rafa Jordà,2
10-11,Sergio,2
10-11,Valdo,2
10-11,Colsa,2
10-11,Henrique,2
10-11,Pinillos,2
10-11,André Castro,2
10-11,Sangoy,2
10-11,Juanfran,1
10-11,Jurado,1
10-11,Filipe Luis,1
10-11,Raúl García,1
10-11,Valera,1
10-11,Martín Cáceres,1
10-11,Fazio,1
10-11,Jesús Navas,1
10-11,Romaric,1
10-11,Afellay,1
10-11,Bartra,1
10-11,Busquets,1
10-11,Jeffren,1
10-11,Puyol,1
10-11,Maduro,1
10-11,Mathieu,1
10-11,Topal,1
10-11,David Navarro,1
10-11,Vicente,1
10-11,Galán,1
10-11,Ansotegi,1
10-11,Estrada,1
10-11,Sarpong,1
10-11,Iñigo Pérez,1
10-11,Orbaiz,1
10-11,Susaeta,1
10-11,Urko Vera,1
10-11,Granero,1
10-11,Joselu,1
10-11,Pepe,1
10-11,Edmilson,1
10-11,Lanzaro,1
10-11,Marco Pérez,1
10-11,Uche,1
10-11,Bernardello,1
10-11,Carlos García,1
10-11,Vargas,1
10-11,Goitom,1
10-11,Marcelo Silva,1
10-11,M'Bami,1
10-11,Juanma Ortiz,1
10-11,Nunes,1
10-11,Cejudo,1
10-11,Calleja,1
10-11,Juanfran,1
10-11,Monreal,1
10-11,Nélson,1
10-11,Aranzubia,1
10-11,Juan Rodríguez,1
10-11,Laure,1
10-11,Pablo Álvarez,1
10-11,Farinós,1
10-11,Kiko Femenía,1
10-11,Portillo,1
10-11,Thomert,1
10-11,Tote,1
10-11,Catalá,1
10-11,Gonzalo,1
10-11,Marchena,1
10-11,Jefferson Montero,1
10-11,Senna,1
10-11,Sardinero,1
10-11,Casquero,1
10-11,Cata Díaz,1
10-11,Marcano,1
10-11,Víctor Sánchez,1
10-11,Demichelis,1
10-11,Stadsgaard,1
10-11,Weligton,1
10-11,Ballesteros,1
10-11,Xisco,1
10-11,Arana,1
10-11,Bolado,1
10-11,Lacen,1
10-11,Munitis,1
10-11,Òscar Serrano,1
10-11,Torrejón,1
10-11,Ayoze,1
10-11,Botía,1
10-11,Eguren,1
10-11,Gregory,1
10-11,Nacho Cases,1
11-12,Messi,50
11-12,Cristiano Ronaldo,46
11-12,Falcao,24
11-12,Higuaín,22
11-12,Benzema,21
11-12,Soldado,17
11-12,Llorente,17
11-12,Rubén Castro,16
11-12,Koné,15
11-12,Michu,15
11-12,Negredo,14
11-12,Alexis Sánchez,12
11-12,Miku,12
11-12,Vela,12
11-12,Raúl García,11
11-12,Rondón,11
11-12,Xavi,10
11-12,Jonas,10
11-12,Manu del Moral,10
11-12,Agirretxe,10
11-12,Diego Costa,10
11-12,Fàbregas,9
11-12,Cazorla,9
11-12,Casadesús,9
11-12,Marco Rubén,9
11-12,Postiga,9
11-12,Tamudo,9
11-12,Barral,9
11-12,Stuani,9
11-12,Rubén,8
11-12,Aduriz,7
11-12,Adrián,7
11-12,Ibrahima,7
11-12,Barkero,7
11-12,Hemed,7
11-12,Diego Castro,7
11-12,Griezmann,7
11-12,Santa Cruz,7
11-12,Feghouli,6
11-12,Nino,6
11-12,Juanlu,6
11-12,Valdo,6
11-12,Chori Castro,6
11-12,Susaeta,6
11-12,Kalu Uche,6
11-12,Beñat,6
11-12,Molina,6
11-12,Ighalo,6
11-12,Siqueira,6
11-12,Callejón,5
11-12,Di María,5
11-12,Kaká,5
11-12,Pedro,5
11-12,David Villa,5
11-12,Tino Costa,5
11-12,Nekounam,5
11-12,Isco,5
11-12,Seba,5
11-12,Xavi Torres,5
11-12,Jesús Navas,5
11-12,Álvaro Vázquez,5
11-12,Coutinho,5
11-12,Sergio García,5
11-12,Verdú,5
11-12,Borja Valero,5
11-12,Senna,5
11-12,Apoño,5
11-12,Özil,4
11-12,Cejudo,4
11-12,Lekic,4
11-12,Van Nistelrooy,4
11-12,De Marcos,4
11-12,Javi Martínez,4
11-12,Toquero,4
11-12,Kanouté,4
11-12,Abdel,4
11-12,Güiza,4
11-12,Jonathan Pereira,4
11-12,Hernán Pérez,4
11-12,Nilmar,4
11-12,Luis García,4
11-12,Iñigo López,4
11-12,Bilic,4
11-12,Sangoy,4
11-12,Trejo,4
11-12,Marcelo,3
11-12,Sergio Ramos,3
11-12,Keita,3
11-12,Puyol,3
11-12,Tello,3
11-12,Pablo Hernández,3
11-12,Arda Turan,3
11-12,Diego,3
11-12,Domínguez,3
11-12,Salvio,3
11-12,Toulalan,3
11-12,Nsue,3
11-12,Pereira,3
11-12,Amorebieta,3
11-12,Baba Diawara,3
11-12,Iñigo Martínez,3
11-12,Zurutuza,3
11-12,Héctor Moreno,3
11-12,Pandiani,3
11-12,Romaric,3
11-12,Bruno Soriano,3
11-12,Rossi,3
11-12,Lafita,3
11-12,Juan Carlos,3
11-12,Lass,3
11-12,Piti,3
11-12,Franco Jara,3
11-12,Carlos Martins,3
11-12,Mikel Rico,3
11-12,Uche,3
11-12,Colunga,3
11-12,De Las Cuevas,3
11-12,Lora,3
11-12,Nacho Novo,3
11-12,Adrián González,3
11-12,Khedira,2
11-12,Cuenca,2
11-12,Dani Alves,2
11-12,Iniesta,2
11-12,Piqué,2
11-12,Thiago Alcántara,2
11-12,Jordi Alba,2
11-12,Piatti,2
11-12,Rami,2
11-12,Gabi,2
11-12,Godín,2
11-12,Koke,2
11-12,Roversio,2
11-12,Demichelis,2
11-12,Eliseu,2
11-12,Joaquín,2
11-12,Maresca,2
11-12,Ghezzal,2
11-12,Nano Rivas,2
11-12,Alfaro,2
11-12,Álvaro,2
11-12,Nunes,2
11-12,Ramis,2
11-12,Gabilondo,2
11-12,Muniain,2
11-12,San José,2
11-12,Fazio,2
11-12,Medel,2
11-12,Pedro León,2
11-12,Pedro Ríos,2
11-12,Aranburu,2
11-12,Estrada,2
11-12,Xabi Prieto,2
11-12,Dídac Vilà,2
11-12,Weiss,2
11-12,Pozuelo,2
11-12,Sevilla,2
11-12,Aranda,2
11-12,Edu Oriol,2
11-12,Armenteros,2
11-12,Movilla,2
11-12,Trashorras,2
11-12,Fran Rico,2
11-12,Geijo,2
11-12,André Castro,2
11-12,Eguren,2
11-12,Gálvez,2
11-12,Acosta,2
11-12,Arana,2
11-12,Bernardo,2
11-12,Jairo,2
11-12,Nahuelpan,2
11-12,Altintop,1
11-12,Pepe,1
11-12,Varane,1
11-12,Xabi Alonso,1
11-12,Adriano,1
11-12,Busquets,1
11-12,Canales,1
11-12,Pizzi,1
11-12,Miranda,1
11-12,Miguel Flaño,1
11-12,Lamah,1
11-12,Lolo,1
11-12,Sergio Fernández,1
11-12,Apoño,1
11-12,Baptista,1
11-12,Camacho,1
11-12,Duda,1
11-12,Juanmi,1
11-12,Weligton,1
11-12,Ballesteros,1
11-12,Cabral,1
11-12,Farinós,1
11-12,Martí,1
11-12,Pina,1
11-12,Ander Herrera,1
11-12,Aurtenetxe,1
11-12,David López,1
11-12,Iraola,1
11-12,Iturraspe,1
11-12,Escudé,1
11-12,Luna,1
11-12,Martín Cáceres,1
11-12,Reyes,1
11-12,Alexis Ruano,1
11-12,Cala,1
11-12,Trochowski,1
11-12,Alexis Ruano,1
11-12,Casquero,1
11-12,Gavilán,1
11-12,Lacen,1
11-12,Míchel,1
11-12,Miguel Torres,1
11-12,Valera,1
11-12,Elustondo,1
11-12,Ifrán,1
11-12,Mikel González,1
11-12,Rubén Pardo,1
11-12,Albín,1
11-12,Baena,1
11-12,Cristian Gómez,1
11-12,Javi López,1
11-12,Rui Fonte,1
11-12,Thievy,1
11-12,Dorado,1
11-12,Jefferson Montero,1
11-12,Nacho,1
11-12,Nélson,1
11-12,Ángel,1
11-12,Camuñas,1
11-12,Gonzalo,1
11-12,Mario,1
11-12,Martinuccio,1
11-12,Abraham Minero,1
11-12,Barrera,1
11-12,Paulo Da Silva,1
11-12,Dujmovic,1
11-12,Efraín Juárez,1
11-12,Lanzaro,1
11-12,Ponzio,1
11-12,Arribas,1
11-12,Botelho,1
11-12,Koke,1
11-12,Delibasic,1
11-12,Labaka,1
11-12,Tito,1
11-12,Abel Gómez,1
11-12,Mainz,1
11-12,Jaime,1
11-12,Botía,1
11-12,Carmelo,1
11-12,Álvaro,1
11-12,Colsa,1
11-12,Christian Fernández,1
11-12,Diop,1
11-12,Torrejón,1
12-13,Messi,46
12-13,Cristiano Ronaldo,34
12-13,Falcao,28
12-13,Negredo,25
12-13,Soldado,24
12-13,Rubén Castro,18
12-13,Piti,18
12-13,Higuaín,16
12-13,Agirretxe,14
12-13,Vela,14
12-13,Aduriz,14
12-13,Postiga,14
12-13,Jonas,13
12-13,Molina,13
12-13,Riki,13
12-13,Óscar González,12
12-13,Iago Aspas,12
12-13,Fàbregas,11
12-13,Benzema,11
12-13,Hemed,11
12-13,David Villa,10
12-13,Diego Costa,10
12-13,Griezmann,10
12-13,Özil,9
12-13,Xabi Prieto,9
12-13,Isco,9
12-13,Santa Cruz,9
12-13,Verdú,9
12-13,Kike Sola,9
12-13,Apoño,9
12-13,Alexis Sánchez,8
12-13,Saviola,8
12-13,Pabón,8
12-13,Rakitic,8
12-13,Javi Guerra,8
12-13,Manucho,8
12-13,El Arabi,8
12-13,Casadesús,8
12-13,Pizzi,8
12-13,Pedro,7
12-13,Tello,7
12-13,Di María,7
12-13,Leo Baptistao,7
12-13,Martins,7
12-13,Diego Castro,7
12-13,Sergio García,7
12-13,Stuani,7
12-13,Susaeta,7
12-13,Chori Castro,6
12-13,Valdez,6
12-13,Delibasic,6
12-13,Medel,6
12-13,Colunga,6
12-13,De Marcos,6
12-13,Ebert,6
12-13,Siqueira,6
12-13,Alfaro,6
12-13,Giovani Dos Santos,6
12-13,Augusto,6
12-13,Bruno Gama,6
12-13,Adriano,5
12-13,Xavi,5
12-13,Arda Turan,5
12-13,Raúl García,5
12-13,Chori Domínguez,5
12-13,Barkero,5
12-13,Míchel,5
12-13,San José,5
12-13,Bueno,5
12-13,Ighalo,5
12-13,Bermejo,5
12-13,Montañés,5
12-13,Sergio Ramos,4
12-13,Iñigo Martínez,4
12-13,Banega,4
12-13,Ricardo Costa,4
12-13,Baptista,4
12-13,Joaquín,4
12-13,Beñat,4
12-13,Reyes,4
12-13,Rubén García,4
12-13,Iborra,4
12-13,Álvaro Vázquez,4
12-13,Abdel,4
12-13,Ibai Gómez,4
12-13,Llorente,4
12-13,Víctor Pérez,4
12-13,Nélson Oliveira,4
12-13,Iniesta,3
12-13,Callejón,3
12-13,Kaká,3
12-13,Khedira,3
12-13,Modric,3
12-13,Adrián,3
12-13,Koke,3
12-13,De la Bella,3
12-13,Feghouli,3
12-13,Demichelis,3
12-13,Pedro Morales,3
12-13,Franco Vázquez,3
12-13,Lass,3
12-13,Coke,3
12-13,Fazio,3
12-13,Acquafresca,3
12-13,Alcácer,3
12-13,Alexis Ruano,3
12-13,Pedro León,3
12-13,Longo,3
12-13,Simao,3
12-13,Wakaso,3
12-13,Nolito,3
12-13,Torje,3
12-13,Armenteros,3
12-13,Cejudo,3
12-13,Nino,3
12-13,Javi Márquez,3
12-13,De Lucas,3
12-13,Park,3
12-13,Abel Aguilar,3
12-13,Jordi Alba,2
12-13,Piqué,2
12-13,Thiago Alcántara,2
12-13,Essien,2
12-13,Morata,2
12-13,Tiago Mendes,2
12-13,Miranda,2
12-13,Ifrán,2
12-13,Mikel González,2
12-13,Zurutuza,2
12-13,Canales,2
12-13,Cissokho,2
12-13,Jonathan Viera,2
12-13,Camacho,2
12-13,Portillo,2
12-13,Weligton,2
12-13,Campbell,2
12-13,Paulao,2
12-13,Sevilla,2
12-13,José Carlos,2
12-13,Trochowski,2
12-13,Lell,2
12-13,El Zhar,2
12-13,Juanlu,2
12-13,Pedro Ríos,2
12-13,Lafita,2
12-13,Juan Rodríguez,2
12-13,Valera,2
12-13,Colotto,2
12-13,Héctor Moreno,2
12-13,Mikel Rico,2
12-13,Recio,2
12-13,Arribas,2
12-13,Lamah,2
12-13,Loe,2
12-13,Arizmendi,2
12-13,Nsue,2
12-13,Álex López,2
12-13,Cabral,2
12-13,Nacho Insa,2
12-13,Marchena,2
12-13,Salomao,2
12-13,Silvio,2
12-13,Rodri,2
12-13,Sapunaru,2
12-13,Montoya,1
12-13,Puyol,1
12-13,Busquets,1
12-13,Song,1
12-13,Albiol,1
12-13,Coentrao,1
12-13,Pepe,1
12-13,Cristian Rodríguez,1
12-13,Filipe Luis,1
12-13,Godín,1
12-13,Juanfran,1
12-13,Mario Suárez,1
12-13,Carlos Martínez,1
12-13,Elustondo,1
12-13,Parejo,1
12-13,Guardado,1
12-13,Mathieu,1
12-13,Piatti,1
12-13,Tino Costa,1
12-13,Antunes,1
12-13,Buonanotte,1
12-13,Eliseu,1
12-13,Juanmi,1
12-13,Monreal,1
12-13,Fabrice,1
12-13,Agra,1
12-13,Ángel,1
12-13,Mario,1
12-13,Nosa,1
12-13,Pozuelo,1
12-13,Rubén Pérez,1
12-13,Jordi Amat,1
12-13,Nacho,1
12-13,Tamudo,1
12-13,Tito,1
12-13,Trashorras,1
12-13,Botía,1
12-13,Cicinho,1
12-13,Manu del Moral,1
12-13,Kondogbia,1
12-13,Spahic,1
12-13,David Navarro,1
12-13,Roger,1
12-13,Ángel,1
12-13,Borja,1
12-13,Escudero,1
12-13,Fede,1
12-13,Mané,1
12-13,Lopo,1
12-13,Rafa,1
12-13,Sarabia,1
12-13,Albín,1
12-13,Álvaro Vázquez,1
12-13,Baena,1
12-13,Javi López,1
12-13,Tejera,1
12-13,Víctor Sánchez,1
12-13,Aurtenetxe,1
12-13,Gurpegui,1
12-13,Ander Herrera,1
12-13,Muniain,1
12-13,Baraja,1
12-13,Omar,1
12-13,Rukavina,1
12-13,Sastre,1
12-13,Sereno,1
12-13,Angulo,1
12-13,Aranda,1
12-13,Buonanotte,1
12-13,Dani Benítez,1
12-13,Floro Flores,1
12-13,Mainz,1
12-13,De Las Cuevas,1
12-13,Llorente,1
12-13,Lolo,1
12-13,Masoud,1
12-13,Onwu,1
12-13,Puñal,1
12-13,Silva,1
12-13,Timor,1
12-13,Roberto Torres,1
12-13,Bigas,1
12-13,Geromel,1
12-13,Kevin,1
12-13,Martí,1
12-13,Pereira,1
12-13,Krohn-Dehli,1
12-13,Oubiña,1
12-13,Bergantiños,1
12-13,Bodipo,1
12-13,Camuñas,1
12-13,Juan Domínguez,1
12-13,Valerón,1
12-13,Álvaro,1
12-13,Rochina,1
12-13,Víctor,1
12-13,Zuculini,1
13-14,Cristiano Ronaldo,31
13-14,Messi,28
13-14,Diego Costa,27
13-14,Alexis Sánchez,19
13-14,Benzema,17
13-14,Griezmann,17
13-14,Aduriz,16
13-14,Vela,16
13-14,Bale,15
13-14,Pedro,15
13-14,Gameiro,15
13-14,Javi Guerra,15
13-14,Bacca,14
13-14,Nolito,14
13-14,David Villa,13
13-14,Uche,13
13-14,Oriol Riera,13
13-14,Rakitic,12
13-14,Charles,12
13-14,Sergio García,12
13-14,Larrivey,12
13-14,El Arabi,12
13-14,Giovani Dos Santos,11
13-14,Bueno,11
13-14,Perbet,10
13-14,Jonas,10
13-14,Rubén Castro,10
13-14,Raúl García,9
13-14,Neymar,9
13-14,Molina,9
13-14,Isco,8
13-14,Morata,8
13-14,Fàbregas,8
13-14,Ibai Gómez,8
13-14,Agirretxe,8
13-14,Rodri,8
13-14,Verza,8
13-14,Muniain,7
13-14,Barral,7
13-14,Lafita,7
13-14,Pedro León,7
13-14,Koke,6
13-14,Susaeta,6
13-14,Bruno Soriano,6
13-14,Alcácer,6
13-14,Santa Cruz,6
13-14,Marica,6
13-14,Boakye,6
13-14,Stuani,6
13-14,Aleix Vidal,6
13-14,Jesé,5
13-14,Ander Herrera,5
13-14,De Marcos,5
13-14,Mikel Rico,5
13-14,San José,5
13-14,Piatti,5
13-14,Álex López,5
13-14,Orellana,5
13-14,Camacho,5
13-14,Corominas,5
13-14,Jonathan Viera,5
13-14,Roberto Torres,5
13-14,Piti,5
13-14,Godín,4
13-14,Di María,4
13-14,Pepe,4
13-14,Sergio Ramos,4
13-14,Jairo,4
13-14,Vitolo,4
13-14,Jonathan Pereira,4
13-14,Feghouli,4
13-14,Parejo,4
13-14,El Zhar,4
13-14,Diop,4
13-14,Rafinha,4
13-14,Juanmi,4
13-14,Samuel,4
13-14,Colunga,4
13-14,Colotto,4
13-14,Jhon Córdoba,4
13-14,Víctor Sánchez,4
13-14,Osorio,4
13-14,Armenteros,4
13-14,Óscar Díaz,4
13-14,Soriano,4
13-14,Sevilla,4
13-14,Arda Turan,3
13-14,Gabi,3
13-14,Adriano,3
13-14,Iniesta,3
13-14,Xavi,3
13-14,Alberto Moreno,3
13-14,Coke,3
13-14,Iborra,3
13-14,M'Bia,3
13-14,Rubén Pardo,3
13-14,Cani,3
13-14,Mathieu,3
13-14,Pabón,3
13-14,Postiga,3
13-14,Ricardo Costa,3
13-14,Vargas,3
13-14,Baba Diawara,3
13-14,Ivanschitz,3
13-14,El Hamdaoui,3
13-14,Portillo,3
13-14,Lisandro,3
13-14,Albácar,3
13-14,Herrera,3
13-14,Pizzi,3
13-14,Thievy,3
13-14,Rochina,3
13-14,Iago Falqué,3
13-14,Manucho,3
13-14,Ebert,3
13-14,Larsson,3
13-14,Acuña,3
13-14,Suso,3
13-14,Brahimi,3
13-14,Miranda,2
13-14,Tiago Mendes,2
13-14,Carvajal,2
13-14,Illarramendi,2
13-14,Dani Alves,2
13-14,Piqué,2
13-14,Gurpegui,2
13-14,Laporte,2
13-14,Carriço,2
13-14,Fazio,2
13-14,Ansotegi,2
13-14,Canales,2
13-14,Chori Castro,2
13-14,Iñigo Martínez,2
13-14,Xabi Prieto,2
13-14,Seferovic,2
13-14,Trigueros,2
13-14,Moi Gómez,2
13-14,Pina,2
13-14,Javi Fuego,2
13-14,Ángel,2
13-14,Rubén García,2
13-14,Vyntra,2
13-14,Augusto,2
13-14,Mina,2
13-14,Amrabat,2
13-14,Darder,2
13-14,Duda,2
13-14,Eliseu,2
13-14,Escudero,2
13-14,Miku,2
13-14,Fidel,2
13-14,Javi Márquez,2
13-14,Manu del Moral,2
13-14,David López,2
13-14,Castillo,2
13-14,Gálvez,2
13-14,Saúl,2
13-14,Cejudo,2
13-14,Oier Sanjurjo,2
13-14,Azeez,2
13-14,Fran Rico,2
13-14,Ighalo,2
13-14,Recio,2
13-14,Riki,2
13-14,Braian Rodríguez,2
13-14,Chica,2
13-14,Verdú,2
13-14,Alderweireld,1
13-14,Diego,1
13-14,Adrián,1
13-14,Cristian Rodríguez,1
13-14,Óliver,1
13-14,Khedira,1
13-14,Marcelo,1
13-14,Modric,1
13-14,Bartra,1
13-14,Puyol,1
13-14,Busquets,1
13-14,Tello,1
13-14,Beñat,1
13-14,Guillermo,1
13-14,Iraola,1
13-14,Kike Sola,1
13-14,Diogo,1
13-14,Cala,1
13-14,Perotti,1
13-14,De la Bella,1
13-14,José Ángel,1
13-14,Markel,1
13-14,Zurutuza,1
13-14,Aquino,1
13-14,Hernán Pérez,1
13-14,Jaume Costa,1
13-14,Musacchio,1
13-14,Mario,1
13-14,Banega,1
13-14,Bernat,1
13-14,Keita,1
13-14,Víctor Ruiz,1
13-14,Vezo,1
13-14,David Navarro,1
13-14,Pedro López,1
13-14,Pedro Ríos,1
13-14,Simao Junior,1
13-14,Casadesús,1
13-14,Xumetra,1
13-14,Oubiña,1
13-14,Cabral,1
13-14,Iñigo López,1
13-14,Iakovenko,1
13-14,Pedro Morales,1
13-14,Pablo Pérez,1
13-14,Pawlowski,1
13-14,Tissone,1
13-14,Weligton,1
13-14,Arroyo,1
13-14,Diego Castro,1
13-14,Sarabia,1
13-14,Carles Gil,1
13-14,Damián Suárez,1
13-14,Lombán,1
13-14,Aarón Ñíguez,1
13-14,Rodrigues,1
13-14,Sapunaru,1
13-14,Héctor Moreno,1
13-14,Lanzarote,1
13-14,Arbilla,1
13-14,Seba,1
13-14,Adrián González,1
13-14,Perea,1
13-14,Trashorras,1
13-14,Gilberto,1
13-14,Jesús Rueda,1
13-14,Valiente,1
13-14,Óscar González,1
13-14,Peña,1
13-14,Rama,1
13-14,Rossi,1
13-14,Rukavina,1
13-14,Víctor Pérez,1
13-14,Arribas,1
13-14,Puñal,1
13-14,Corona,1
13-14,Dubarbier,1
13-14,Vélez,1
13-14,Hélder Barbosa,1
13-14,Hicham,1
13-14,Torsiglieri,1
13-14,Trujillo,1
13-14,Jonathan,1
13-14,Iturra,1
13-14,Murillo,1
13-14,Yebda,1
13-14,Amaya,1
13-14,Nosa,1
13-14,Jordi Figueras,1
13-14,Juanfran,1
13-14,Leo Baptistao,1
13-14,Reyes,1
14-15,Cristiano Ronaldo,48
14-15,Messi,43
14-15,Neymar,22
14-15,Griezmann,22
14-15,Bacca,20
14-15,Aduriz,18
14-15,Bueno,17
14-15,Luis Suárez,16
14-15,Benzema,15
14-15,Sergio García,14
14-15,Jonathas,14
14-15,Bale,13
14-15,James,13
14-15,Nolito,13
14-15,Parejo,12
14-15,Mandzukic,12
14-15,Vietto,12
14-15,Stuani,12
14-15,Alcácer,11
14-15,Larrivey,11
14-15,Barral,11
14-15,Caicedo,9
14-15,Vela,9
14-15,Arruabarrena,9
14-15,Gameiro,8
14-15,Juanmi,8
14-15,Casadesús,8
14-15,El Arabi,8
14-15,Hemed,8
14-15,Hernández,7
14-15,Piatti,7
14-15,Iborra,7
14-15,Gerard Moreno,7
14-15,Mina,7
14-15,Agirretxe,7
14-15,Leo Baptistao,7
14-15,Álvaro Vázquez,7
14-15,Ghilas,7
14-15,Pedro,6
14-15,Feghouli,6
14-15,Otamendi,6
14-15,Vitolo,6
14-15,Uche,6
14-15,Amrabat,6
14-15,Lucas,6
14-15,Piovaccari,6
14-15,Piqué,5
14-15,Rakitic,5
14-15,Negredo,5
14-15,Raúl García,5
14-15,Tiago Mendes,5
14-15,San José,5
14-15,Orellana,5
14-15,Javi Guerra,5
14-15,Samuel,5
14-15,Kakuta,5
14-15,Manucho,5
14-15,Lombán,5
14-15,Kalu Uche,5
14-15,Robert,5
14-15,Florin,5
14-15,Isco,4
14-15,Sergio Ramos,4
14-15,André Gomes,4
14-15,Mustafi,4
14-15,Saúl,4
14-15,Aleix Vidal,4
14-15,M'Bia,4
14-15,Cheryshev,4
14-15,Moi Gómez,4
14-15,Darder,4
14-15,Canales,4
14-15,Chori Castro,4
14-15,Xabi Prieto,4
14-15,Víctor,4
14-15,Jhon Córdoba,4
14-15,Oriol Riera,4
14-15,Toché,4
14-15,Yoda,4
14-15,Thievy,4
14-15,Edgar,4
14-15,Thomas,4
14-15,Verza,4
14-15,Cartabia,4
14-15,Jesé,3
14-15,Javi Fuego,3
14-15,Rodrigo,3
14-15,Godín,3
14-15,Miranda,3
14-15,Fernando Torres,3
14-15,Banega,3
14-15,Reyes,3
14-15,Mario,3
14-15,Musacchio,3
14-15,Mikel Rico,3
14-15,Charles,3
14-15,Santa Cruz,3
14-15,Lucas,3
14-15,Víctor Sánchez,3
14-15,Iñigo Martínez,3
14-15,Embarba,3
14-15,Albácar,3
14-15,Pasalic,3
14-15,Morales,3
14-15,Fran Rico,3
14-15,Mainz,3
14-15,Borges,3
14-15,Ivan Cavaleiro,3
14-15,Diego Castro,3
14-15,Capa,3
14-15,Manu del Moral,3
14-15,Saúl,3
14-15,Soriano,3
14-15,Mathieu,2
14-15,Sandro,2
14-15,Xavi,2
14-15,Kroos,2
14-15,Marcelo,2
14-15,Pepe,2
14-15,Arda Turan,2
14-15,Koke,2
14-15,Iago Aspas,2
14-15,Coke,2
14-15,Denis,2
14-15,Krychowiak,2
14-15,Bruno Soriano,2
14-15,Jonathan dos Santos,2
14-15,Beñat,2
14-15,Etxeita,2
14-15,Iturraspe,2
14-15,Pablo Hernández,2
14-15,Camacho,2
14-15,Luis Alberto,2
14-15,Finnbogason,2
14-15,Zurutuza,2
14-15,Baena,2
14-15,Miku,2
14-15,Rodrigues,2
14-15,Camarasa,2
14-15,Rochina,2
14-15,Cuenca,2
14-15,José Rodríguez,2
14-15,Lopo,2
14-15,Medunjanin,2
14-15,Escudero,2
14-15,Hinestroza,2
14-15,Lacen,2
14-15,Lafita,2
14-15,Pedro León,2
14-15,Sarabia,2
14-15,Raúl Albentosa,2
14-15,Raúl Navas,2
14-15,Jonathan,2
14-15,Míchel,2
14-15,Bartra,1
14-15,Busquets,1
14-15,Jordi Alba,1
14-15,Munir,1
14-15,Rafinha,1
14-15,Arbeloa,1
14-15,Nacho Fernández,1
14-15,Modric,1
14-15,Barragán,1
14-15,Carles Gil,1
14-15,De Paul,1
14-15,Gayá,1
14-15,Orbán,1
14-15,Giménez,1
14-15,Mario Suárez,1
14-15,Raúl Jiménez,1
14-15,Siqueira,1
14-15,Carriço,1
14-15,Deulofeu,1
14-15,Diogo,1
14-15,Kolodzciejczak,1
14-15,Pareja,1
14-15,Campbell,1
14-15,Espinosa,1
14-15,Giovani Dos Santos,1
14-15,Jaume Costa,1
14-15,Trigueros,1
14-15,Aketxe,1
14-15,De Marcos,1
14-15,Gurpegui,1
14-15,Ibai Gómez,1
14-15,Iraola,1
14-15,Muniain,1
14-15,Susaeta,1
14-15,Viguera,1
14-15,Williams,1
14-15,Álex López,1
14-15,Augusto,1
14-15,Bongonda,1
14-15,Cabral,1
14-15,Krohn-Dehli,1
14-15,Hugo Mallo,1
14-15,Antunes,1
14-15,Castillejo,1
14-15,Duda,1
14-15,Recio,1
14-15,Ricardo Horta,1
14-15,Abraham,1
14-15,Álvaro,1
14-15,Arbilla,1
14-15,Colotto,1
14-15,Héctor Moreno,1
14-15,Montañés,1
14-15,Elustondo,1
14-15,De la Bella,1
14-15,Elustondo,1
14-15,Hervías,1
14-15,Markel,1
14-15,Rubén Pardo,1
14-15,Amaya,1
14-15,Insúa,1
14-15,Morcillo,1
14-15,Jozabed,1
14-15,Trashorras,1
14-15,Herrera,1
14-15,Damián Suárez,1
14-15,Fajr,1
14-15,Mosquera,1
14-15,El Zhar,1
14-15,Rubén García,1
14-15,Ivanschitz,1
14-15,Rafael Martins,1
14-15,Simao Junior,1
14-15,Babin,1
14-15,Success,1
14-15,Nyom,1
14-15,Piti,1
14-15,Fariña,1
14-15,Postiga,1
14-15,Juan Domínguez,1
14-15,Juanfran,1
14-15,Salomao,1
14-15,Alexis Ruano,1
14-15,Baba Diawara,1
14-15,Juan Rodríguez,1
14-15,Míchel,1
14-15,Sammir,1
14-15,Velázquez,1
14-15,Abraham Minero,1
14-15,Bóveda,1
14-15,Dani García,1
14-15,Borja,1
14-15,Javi Lara,1
14-15,Espinosa,1
14-15,Mauro,1
14-15,Borja,1
14-15,Ekeng,1
14-15,Fidel,1
14-15,Xisco,1
14-15,Luso,1
15-16,Luis Suárez,40
15-16,Cristiano Ronaldo,35
15-16,Messi,26
15-16,Neymar,24
15-16,Benzema,24
15-16,Griezmann,21
15-16,Aduriz,20
15-16,Bale,19
15-16,Rubén Castro,19
15-16,Borja Bastón,18
15-16,Lucas Pérez,17
15-16,Gameiro,16
15-16,El-Arabi,16
15-16,Iago Aspas,14
15-16,Agirretxe,13
15-16,Alcácer,13
15-16,Bakambu,12
15-16,Nolito,12
15-16,Javi Guerra,12
15-16,Fernando Torres,11
15-16,Charles,11
15-16,Sanabria,11
15-16,Jozabed,10
15-16,Jonathan Viera,10
15-16,Willian José,9
15-16,Sergi Enrich,9
15-16,Miku,9
15-16,Deyverson,9
15-16,Williams,8
15-16,Parejo,8
15-16,Caicedo,8
15-16,Guidetti,7
15-16,Carlos Castro,7
15-16,Hernán Pérez,7
15-16,Gerard Moreno,7
15-16,Jonathas,7
15-16,Čop,7
15-16,Raúl García,7
15-16,Orellana,7
15-16,Sarabia,7
15-16,James Rodríguez,7
15-16,Rakitić,7
15-16,Iborra,7
15-16,Morales,7
15-16,Šćepović,6
15-16,Rossi,6
15-16,Rochina,6
15-16,Oyarzabal,6
15-16,Luis Alberto,6
15-16,Success,6
15-16,Álvaro Vázquez,5
15-16,Peñaranda,5
15-16,Jony,5
15-16,Adrián González,5
15-16,Tana,5
15-16,Araujo,5
15-16,Fajr,5
15-16,Negredo,5
15-16,Banega,5
15-16,Sabin Merino,5
15-16,Soldado,5
15-16,Bruno Soriano,5
15-16,Koke,5
15-16,Correa,5
15-16,Jesé,5
15-16,Carlos Vela,5
15-16,Juanpi Añor,4
15-16,Asensio,4
15-16,Saúl Berjón,4
15-16,Manucho,4
15-16,Santi Mina,4
15-16,Llorente,4
15-16,Saúl,4
15-16,Denis Suárez,4
15-16,Adrián López,4
15-16,Carrasco,4
15-16,Lucas Vázquez,4
15-16,Konoplyanka,4
15-16,Escalante,3
15-16,Velázquez,3
15-16,Lafita,3
15-16,Bebé,3
15-16,Pablo Hernández,3
15-16,Babin,3
15-16,Halilović,3
15-16,Diop,3
15-16,Inui,3
15-16,Keko,3
15-16,Bigas,3
15-16,Víctor Casadesús,3
15-16,Pezzella,3
15-16,Fede Cartabia,3
15-16,Borges,3
15-16,Xabi Prieto,3
15-16,N'Zonzi,3
15-16,Susaeta,3
15-16,Laporte,3
15-16,Leo Baptistão,3
15-16,Isco,3
15-16,Munir,3
15-16,Cheryshev,3
15-16,Isma López,2
15-16,Guerrero,2
15-16,Carmona,2
15-16,Roco,2
15-16,Capa,2
15-16,Rodrigo,2
15-16,El Zhar,2
15-16,André Gomes,2
15-16,Mustafi,2
15-16,Vargas,2
15-16,David García,2
15-16,Álex Menéndez,2
15-16,Embarba,2
15-16,Cuenca,2
15-16,Fran Rico,2
15-16,Llorente,2
15-16,N'Diaye,2
15-16,Zé Castro,2
15-16,Trashorras,2
15-16,Moi Gómez,2
15-16,Medrán,2
15-16,Pedro León,2
15-16,Víctor,2
15-16,Camarasa,2
15-16,Verza,2
15-16,Sergio Álvarez,2
15-16,Oriol Riera,2
15-16,Piti,2
15-16,Arribas,2
15-16,Álex Bergantiños,2
15-16,Arda Turan,2
15-16,Bartra,2
15-16,Danilo,2
15-16,Modrić,2
15-16,Marcelo,2
15-16,Sergio Ramos,2
15-16,Jackson Martínez,2
15-16,Thomas,2
15-16,Mario Gaspar,2
15-16,Samuel,2
15-16,Manu Trigueros,2
15-16,Eraso,2
15-16,Piqué,2
15-16,San José,2
15-16,Muniain,2
15-16,Bruma,2
15-16,Santa Cruz,2
15-16,Albentosa,2
15-16,Camacho,2
15-16,Atsu,2
15-16,Immobile,2
15-16,Pablo Hernández,2
15-16,Wass,2
15-16,Bongonda,2
15-16,Vitolo,2
15-16,Diego Reyes,2
15-16,Abraham,1
15-16,Alcaraz,1
15-16,Duarte,1
15-16,Arruabarrena,1
15-16,Roque Mesa,1
15-16,Wakaso,1
15-16,Hernán,1
15-16,Vicente Gómez,1
15-16,David Simón,1
15-16,Rennella,1
15-16,Feghouli,1
15-16,Bakkali,1
15-16,Westermann,1
15-16,Van Wolfswinkel,1
15-16,Petros,1
15-16,Musonda,1
15-16,Jorge Molina,1
15-16,Joaquín,1
15-16,Jordán,1
15-16,João Cancelo,1
15-16,Salva Sevilla,1
15-16,Vigaray,1
15-16,Víctor Álvarez,1
15-16,Cejudo,1
15-16,Verdú,1
15-16,Simão Junior,1
15-16,Medjani,1
15-16,Pedro López,1
15-16,Lerma,1
15-16,Rubén García,1
15-16,Feddal,1
15-16,Cala,1
15-16,Víctor Sánchez,1
15-16,Emi Buendía,1
15-16,Tito,1
15-16,Baena,1
15-16,Amaya,1
15-16,Ricardo Costa,1
15-16,Edgar,1
15-16,Foulquier,1
15-16,Dani Ndi,1
15-16,Nacho Cases,1
15-16,Bernardo,1
15-16,Alexis,1
15-16,Juanfran,1
15-16,Burgui,1
15-16,Iñigo Martínez,1
15-16,Mikel Rico,1
15-16,Lekue,1
15-16,Elustondo,1
15-16,Beñat,1
15-16,Samu Castillejo,1
15-16,Musacchio,1
15-16,Jaume Costa,1
15-16,Vietto,1
15-16,Juanfran,1
15-16,De Marcos,1
15-16,Giménez,1
15-16,Gabi,1
15-16,Filipe Luis,1
15-16,Kroos,1
15-16,Pepe,1
15-16,Casemiro,1
15-16,Vermaelen,1
15-16,Rafinha,1
15-16,Iniesta,1
15-16,Zurutuza,1
15-16,Godín,1
15-16,Fontàs,1
15-16,Tiago,1
15-16,Beauvue,1
15-16,Augusto,1
15-16,Illarramendi,1
15-16,Elustondo,1
15-16,Bautista,1
15-16,Tighadouini,1
15-16,Ricca,1
15-16,Juankar,1
15-16,Chori Castro,1
15-16,Duda,1
15-16,Reyes,1
15-16,Pablo Fornals,1
15-16,Markel Bergara,1
15-16,Krohn-Dehli,1
15-16,Diego González,1
15-16,Escudero,1
15-16,Coke,1
15-16,Carriço,1
15-16,Jonny,1
15-16,Juan Muñoz,1
15-16,Hugo Mallo,1
16-17,Messi,37
16-17,Luis Suárez,28
16-17,Cristiano Ronaldo,25
16-17,Iago Aspas,19
16-17,Griezmann,16
16-17,Aduriz,16
16-17,Morata,14
16-17,Sandro,14
16-17,Neymar,13
16-17,Gerard Moreno,13
16-17,Rubén Castro,13
16-17,Willian José,12
16-17,Andone,12
16-17,Gameiro,12
16-17,Benzema,11
16-17,Ben Yedder,11
16-17,Juanmi,11
16-17,Sergi Enrich,11
16-17,Sergio León,10
16-17,Isco,10
16-17,Carrasco,10
16-17,Bakambu,10
16-17,Raúl García,10
16-17,Piatti,10
16-17,Pedro León,10
16-17,Boateng,10
16-17,Čop,9
16-17,Soriano,9
16-17,Carlos Vela,9
16-17,James Rodríguez,8
16-17,Fernando Torres,8
16-17,Sarabia,8
16-17,Sansone,8
16-17,Xabi Prieto,8
16-17,Szymanowski,8
16-17,Carmona,8
16-17,Iborra,7
16-17,Kodro,7
16-17,Jonathan Viera,7
16-17,Kike,7
16-17,Adrián González,7
16-17,Deyverson,7
16-17,Rakitić,7
16-17,Vázquez,7
16-17,Roberto Torres,7
16-17,Sergio Ramos,7
16-17,Bale,7
16-17,Muniain,7
16-17,Santi Mina,6
16-17,Pablo Fornals,6
16-17,Borges,6
16-17,Zaza,6
16-17,Leo Baptistão,6
16-17,Munir,6
16-17,Vietto,6
16-17,Jovetić,6
16-17,Alcácer,6
16-17,Rafinha,6
16-17,Vitolo,6
16-17,Andreas Pereira,5
16-17,Carcela,5
16-17,Kravets,5
16-17,Guerrero,5
16-17,Gabriel,5
16-17,Livaja,5
16-17,Lemos,5
16-17,Joselu,5
16-17,Parejo,5
16-17,Nani,5
16-17,Ibai Gómez,5
16-17,Williams,5
16-17,Manu Trigueros,5
16-17,Bruno Soriano,5
16-17,Rodrigo,5
16-17,Rossi,4
16-17,Bigas,4
16-17,Tana,4
16-17,Babel,4
16-17,Oriol Riera,4
16-17,Carlos Castro,4
16-17,Ramos,4
16-17,El Zhar,4
16-17,Luciano,4
16-17,Guidetti,4
16-17,Camacho,4
16-17,Edgar,4
16-17,San José,4
16-17,Soldado,4
16-17,Correa,4
16-17,Saúl,4
16-17,Koke,4
16-17,Correa,4
16-17,Casemiro,4
16-17,Garay,4
16-17,Wass,3
16-17,Carlos Soler,3
16-17,Bebé,3
16-17,Recio,3
16-17,Charles,3
16-17,Pione Sisto,3
16-17,Michael Santos,3
16-17,Inui,3
16-17,Sanabria,3
16-17,Jesé,3
16-17,Álex Alegría,3
16-17,Joaquín,3
16-17,Çolak,3
16-17,Mosquera,3
16-17,Douglas,3
16-17,Orellana,3
16-17,Momo,3
16-17,Iván Ramis,3
16-17,Mario Suárez,3
16-17,Jurado,3
16-17,Reyes,3
16-17,Asensio,3
16-17,Kroos,3
16-17,Arda Turan,3
16-17,Filipe Luis,3
16-17,Gaitán,3
16-17,Godín,3
16-17,Mercado,3
16-17,Bautista,3
16-17,André Gomes,3
16-17,Yuri,3
16-17,Hernán Pérez,3
16-17,Iñigo Martínez,3
16-17,Manu García,3
16-17,Katai,3
16-17,David López,3
16-17,Christian Santos,3
16-17,Camarasa,3
16-17,Zurutuza,3
16-17,Hugo Mallo,2
16-17,Jozabed,2
16-17,Cabral,2
16-17,Roncaglia,2
16-17,Araujo,2
16-17,Mateo García,2
16-17,Vicente Gómez,2
16-17,Mandi,2
16-17,Dani Ceballos,2
16-17,Rafa Navarro,2
16-17,Piccini,2
16-17,Guilherme,2
16-17,Kakuta,2
16-17,Sergio Álvarez,2
16-17,Unai López,2
16-17,Viguera,2
16-17,Bueno,2
16-17,Boga,2
16-17,Cuenca,2
16-17,Ponce,2
16-17,Steven,2
16-17,Rober Ibáñez,2
16-17,Traoré,2
16-17,Víctor,2
16-17,Nacho Cases,2
16-17,Moi Gómez,2
16-17,Burgui,2
16-17,Canella,2
16-17,Timor,2
16-17,Montoya,2
16-17,Medrán,2
16-17,Martin,2
16-17,Juankar,2
16-17,Pepe,2
16-17,Mangala,2
16-17,Nacho,2
16-17,Marcelo,2
16-17,Lucas Vázquez,2
16-17,Aleix Vidal,2
16-17,Ganso,2
16-17,Nasri,2
16-17,N'Zonzi,2
16-17,Pato,2
16-17,Santos Borré,2
16-17,Samu Castillejo,2
16-17,Jonathan dos Santos,2
16-17,Adrián López,2
16-17,Oyarzabal,2
16-17,Piqué,2
16-17,Lekue,2
16-17,Llorente,2
16-17,Laporte,2
16-17,Ontiveros,2
16-17,Jony,2
16-17,Escalante,2
16-17,Fran Rico,2
16-17,Juanpi Añor,2
16-17,Caicedo,2
16-17,Feddal,2
16-17,Sobrino,2
16-17,Krstičić,2
16-17,Laguardia,2
16-17,Alexis,2
16-17,Navarro,2
16-17,Rubén Pardo,1
16-17,Cejudo,1
16-17,Petros,1
16-17,Beauvue,1
16-17,Pezzella,1
16-17,Felipe Gutiérrez,1
16-17,Durmisi,1
16-17,Brašanac,1
16-17,Bruno,1
16-17,Hjulsager,1
16-17,David García,1
16-17,Radoja,1
16-17,Marcelo Díaz,1
16-17,Lemos,1
16-17,Pablo Hernández,1
16-17,Fontàs,1
16-17,Pape Diop,1
16-17,Bongonda,1
16-17,Álex Bergantiños,1
16-17,Roque Mesa,1
16-17,Carles Gil,1
16-17,Clerc,1
16-17,Albentosa,1
16-17,Wakaso,1
16-17,Lombán,1
16-17,Ingason,1
16-17,Olavide,1
16-17,Miguel Flaño,1
16-17,Fran Mérida,1
16-17,David García,1
16-17,Čaušić,1
16-17,Berenguer,1
16-17,Vesga,1
16-17,Echiéjilé,1
16-17,Babin,1
16-17,Víctor Díaz,1
16-17,Siovas,1
16-17,Diego Rico,1
16-17,Mantovani,1
16-17,Machís,1
16-17,Insua,1
16-17,Sidnei,1
16-17,Lucas Pérez,1
16-17,Gayà,1
16-17,Lejeune,1
16-17,Bakkali,1
16-17,Víctor Ruiz,1
16-17,Jaume Costa,1
16-17,Álvaro,1
16-17,Pareja,1
16-17,Kiyotake,1
16-17,Carlos Fernández,1
16-17,Tiago,1
16-17,Savić,1
16-17,Thomas,1
16-17,Umtiti,1
16-17,Mathieu,1
16-17,Mascherano,1
16-17,Jordi Alba,1
16-17,Denis Suárez,1
16-17,Varane,1
16-17,Modrić,1
16-17,Kovačić,1
16-17,Danilo,1
16-17,João Cancelo,1
16-17,Illarramendi,1
16-17,Raúl Navas,1
16-17,Mariano,1
16-17,Beñat,1
16-17,Luis Hernández,1
16-17,Rosales,1
16-17,En-Nesyri,1
16-17,Chori Castro,1
16-17,Duda,1
16-17,Rubén Peña,1
16-17,Balenziaga,1
16-17,Luna,1
16-17,Dani García,1
16-17,Nano,1
16-17,Diego Reyes,1
16-17,De Marcos,1
16-17,Víctor Sánchez,1
16-17,Mikel Rico,1
16-17,Susaeta,1
16-17,Sabin Merino,1
16-17,Theo Hernández,1
16-17,Toquero,1
16-17,Javi Fuego,1
17-18,Messi,34
17-18,Cristiano Ronaldo,26
17-18,Luis Suárez,25
17-18,Iago Aspas,22
17-18,Stuani,21
17-18,Griezmann,19
17-18,Maxi Gómez,18
17-18,Bale,16
17-18,Rodrigo,16
17-18,Gerard Moreno,16
17-18,Willian José,15
17-18,Bacca,15
17-18,Zaza,13
17-18,Ángel,13
17-18,Santi Mina,12
17-18,Oyarzabal,12
17-18,Sergio León,11
17-18,Portu,11
17-18,Morales,10
17-18,Raúl García,10
17-18,Munir,10
17-18,Adrián López,9
17-18,Calleri,9
17-18,Aduriz,9
17-18,Bardhi,9
17-18,Ben Yedder,9
17-18,Bakambu,9
17-18,Paulinho,9
17-18,Coutinho,8
17-18,Correa,8
17-18,Sanabria,8
17-18,Charles,8
17-18,Kike,8
17-18,Leo Baptistão,8
17-18,Juanmi,8
17-18,Lucas Pérez,8
17-18,Rémy,8
17-18,Ibai Gómez,7
17-18,Williams,7
17-18,Illarramendi,7
17-18,Jorge Molina,7
17-18,Gameiro,7
17-18,Loren,7
17-18,Parejo,7
17-18,Isco,7
17-18,Muriel,7
17-18,Andone,6
17-18,Ünal,6
17-18,Boateng,6
17-18,Jordán,6
17-18,Sarabia,6
17-18,Asensio,6
17-18,Samu Castillejo,6
17-18,Rolán,5
17-18,Pione Sisto,5
17-18,Juanpe,5
17-18,Inui,5
17-18,Gabriel,5
17-18,Guedes,5
17-18,Kroos,5
17-18,Casemiro,5
17-18,Benzema,5
17-18,Fernando Torres,5
17-18,Sansone,5
17-18,Ivi,4
17-18,En-Nesyri,4
17-18,Chori Castro,4
17-18,Jonathan Viera,4
17-18,Guerrero,4
17-18,Eraso,4
17-18,Muniain,4
17-18,Canales,4
17-18,Wass,4
17-18,Markel Bergara,4
17-18,Nolito,4
17-18,Vázquez,4
17-18,Tello,4
17-18,Joaquín,4
17-18,Kondogbia,4
17-18,Lucas Vázquez,4
17-18,Sergio Ramos,4
17-18,Koke,4
17-18,Alcácer,4
17-18,Coke,3
17-18,Januzaj,3
17-18,Elustondo,3
17-18,Llorente,3
17-18,Xabi Prieto,3
17-18,Susaeta,3
17-18,Borges,3
17-18,Guidetti,3
17-18,Manu García,3
17-18,Sobrino,3
17-18,Pablo Hernández,3
17-18,Borja Valle,3
17-18,Adrián González,3
17-18,Pedraza,3
17-18,Olunga,3
17-18,Roger,3
17-18,Iván Ramis,3
17-18,Sergi Enrich,3
17-18,Dembélé,3
17-18,Diego Costa,3
17-18,Thomas,3
17-18,Mayoral,3
17-18,Nacho,3
17-18,Pablo Fornals,3
17-18,Carrasco,3
17-18,Fabián,3
17-18,Feddal,3
17-18,Banega,3
17-18,Lenglet,3
17-18,Amath,3
17-18,Orellana,3
17-18,Manu Trigueros,3
17-18,Christian Santos,2
17-18,Borja García,2
17-18,Timor,2
17-18,Sergio García,2
17-18,Piatti,2
17-18,Jonny,2
17-18,Laguardia,2
17-18,Medrán,2
17-18,Amrabat,2
17-18,Fede Cartabia,2
17-18,Brašanac,2
17-18,Bustinza,2
17-18,Diego Rico,2
17-18,Szymanowski,2
17-18,Schär,2
17-18,Aday,2
17-18,Halilović,2
17-18,Borja Bastón,2
17-18,Vitolo,2
17-18,Beauvue,2
17-18,Arbilla,2
17-18,El Zhar,2
17-18,Cala,2
17-18,Jordi Alba,2
17-18,Piqué,2
17-18,Denis Suárez,2
17-18,Saúl,2
17-18,Dani Ceballos,2
17-18,Portillo,2
17-18,Marcelo,2
17-18,Vietto,2
17-18,Mario Gaspar,2
17-18,Raba,2
17-18,Achraf,2
17-18,Víctor Ruiz,2
17-18,Boudebouz,2
17-18,Campbell,2
17-18,Durmisi,2
17-18,Junior Firpo,2
17-18,Guardado,2
17-18,Layún,2
17-18,Ganso,2
17-18,Kjær,2
17-18,Cheryshev,2
17-18,Iñigo Martínez,1
17-18,Kevin Rodrigues,1
17-18,Héctor Moreno,1
17-18,Etxeita,1
17-18,Zubeldia,1
17-18,Córdoba,1
17-18,De Marcos,1
17-18,Carlos Vela,1
17-18,Bautista,1
17-18,Cabral,1
17-18,Postigo,1
17-18,Pazzini,1
17-18,Jason,1
17-18,Doukouré,1
17-18,Chema,1
17-18,Campaña,1
17-18,Emre Mor,1
17-18,Brais Méndez,1
17-18,Sergi Gómez,1
17-18,Unai Núñez,1
17-18,Rochina,1
17-18,San José,1
17-18,Albentosa,1
17-18,Demirović,1
17-18,Rosales,1
17-18,Recio,1
17-18,Ideye,1
17-18,Diego González,1
17-18,Baysse,1
17-18,Tana,1
17-18,Erik,1
17-18,David García,1
17-18,Sidnei,1
17-18,Alexis,1
17-18,Navarro,1
17-18,Çolak,1
17-18,Zaldúa,1
17-18,Mantovani,1
17-18,Gumbau,1
17-18,Naranjo,1
17-18,Siovas,1
17-18,Rodrigo Ely,1
17-18,Pina,1
17-18,Burgui,1
17-18,Luisinho,1
17-18,Hermoso,1
17-18,Vesga,1
17-18,David López,1
17-18,Javi García,1
17-18,Rubén Castro,1
17-18,Bartra,1
17-18,Mandi,1
17-18,Rodri,1
17-18,Roger Martínez,1
17-18,Nacho Vidal,1
17-18,Coquelin,1
17-18,Andreas Pereira,1
17-18,Francis,1
17-18,Modrić,1
17-18,Giménez,1
17-18,Aleix Vidal,1
17-18,Sergi Roberto,1
17-18,Umtiti,1
17-18,Rakitić,1
17-18,Iniesta,1
17-18,Deulofeu,1
17-18,Busquets,1
17-18,Granero,1
17-18,Filipe Luis,1
17-18,Camarasa,1
17-18,Carlos Soler,1
17-18,Iván Alejo,1
17-18,Correa,1
17-18,Lozano,1
17-18,Granell,1
17-18,Aleix García,1
17-18,Alcalá,1
17-18,Rubén Peña,1
17-18,Lombán,1
17-18,Gálvez,1
17-18,Escalante,1
17-18,Darder,1
17-18,Álvaro,1
17-18,Olivera,1
17-18,Shibasaki,1
17-18,Fajr,1
17-18,Djené,1
17-18,Damián Suárez,1
17-18,Arambarri,1
17-18,N'Zonzi,1
17-18,Pizarro,1
17-18,Krohn-Dehli,1
17-18,Jesús Navas,1
17-18,Carlos Fernández,1
